Year,Month,D4-Exceptional Drought,D3-Extreme Drought,D2-Severe Drought,D1-Moderate Drought,D0-Abnormally Dry,No Drought,Date,DSCI
12/31/2019,0.0,0.0,0.0,0.0,3.57,96.43,2019-12-31,2019,103.57000000000001
12/24/2019,0.0,0.0,0.0,0.0,3.57,96.43,2019-12-24,2019,103.57000000000001
12/17/2019,0.0,0.0,0.0,0.0,3.57,96.43,2019-12-17,2019,103.57000000000001
12/10/2019,0.0,0.0,0.0,0.0,3.57,96.43,2019-12-10,2019,103.57000000000001
12/3/2019,0.0,0.0,0.0,0.01,85.26,14.74,2019-12-03,2019,185.29000000000002
11/26/2019,0.0,0.0,0.01,3.31,90.78,9.22,2019-11-26,2019,200.75
11/19/2019,0.0,0.0,0.01,3.59,81.45,18.55,2019-11-19,2019,192.26000000000002
11/12/2019,0.0,0.0,0.01,3.57,81.39,18.61,2019-11-12,2019,192.14
11/5/2019,0.0,0.0,0.0,2.06,17.74,82.26,2019-11-05,2019,123.92000000000002
10/29/2019,0.0,0.0,0.0,2.06,17.74,82.26,2019-10-29,2019,123.92000000000002
10/22/2019,0.0,0.0,0.0,2.06,17.74,82.26,2019-10-22,2019,123.92000000000002
10/15/2019,0.0,0.0,0.0,2.06,14.6,85.4,2019-10-15,2019,120.78
10/8/2019,0.0,0.0,0.0,2.06,4.71,95.29,2019-10-08,2019,110.89000000000001
10/1/2019,0.0,0.0,0.0,2.06,4.71,95.29,2019-10-01,2019,110.89000000000001
9/24/2019,0.0,0.0,0.0,2.06,10.27,89.73,2019-09-24,2019,116.45000000000002
9/17/2019,0.0,0.0,0.0,2.06,10.39,89.61,2019-09-17,2019,116.57
9/10/2019,0.0,0.0,0.01,1.09,9.06,90.94,2019-09-10,2019,112.37
9/3/2019,0.0,0.0,0.0,1.09,9.06,90.94,2019-09-03,2019,112.33
8/27/2019,0.0,0.0,0.0,1.09,9.06,90.94,2019-08-27,2019,112.33
8/20/2019,0.0,0.0,0.0,0.0,6.73,93.27,2019-08-20,2019,106.72999999999999
8/13/2019,0.0,0.0,0.0,0.0,5.93,94.07,2019-08-13,2019,105.92999999999999
8/6/2019,0.0,0.0,0.0,0.0,4.45,95.55,2019-08-06,2019,104.45
7/30/2019,0.0,0.0,0.0,0.0,4.32,95.68,2019-07-30,2019,104.32000000000001
7/23/2019,0.0,0.0,0.0,0.0,4.32,95.68,2019-07-23,2019,104.32000000000001
7/16/2019,0.0,0.0,0.0,0.0,4.32,95.68,2019-07-16,2019,104.32000000000001
7/9/2019,0.0,0.0,0.0,0.0,4.32,95.68,2019-07-09,2019,104.32000000000001
7/2/2019,0.0,0.0,0.0,0.0,4.32,95.68,2019-07-02,2019,104.32000000000001
6/25/2019,0.0,0.0,0.0,0.0,4.32,95.68,2019-06-25,2019,104.32000000000001
6/18/2019,0.0,0.0,0.0,0.0,4.32,95.68,2019-06-18,2019,104.32000000000001
6/11/2019,0.0,0.0,0.0,0.0,4.32,95.68,2019-06-11,2019,104.32000000000001
6/4/2019,0.0,0.0,0.0,0.0,4.32,95.68,2019-06-04,2019,104.32000000000001
5/28/2019,0.0,0.0,0.0,0.0,5.97,94.03,2019-05-28,2019,105.97
5/21/2019,0.0,0.0,0.0,0.0,5.97,94.03,2019-05-21,2019,105.97
5/14/2019,0.0,0.0,0.0,0.0,5.97,94.03,2019-05-14,2019,105.97
5/7/2019,0.0,0.0,0.0,0.0,5.97,94.03,2019-05-07,2019,105.97
4/30/2019,0.0,0.0,0.0,0.0,5.97,94.03,2019-04-30,2019,105.97
4/23/2019,0.0,0.0,0.0,0.0,5.97,94.03,2019-04-23,2019,105.97
4/16/2019,0.0,0.0,0.0,0.0,5.97,94.03,2019-04-16,2019,105.97
4/9/2019,0.0,0.0,0.0,0.0,5.97,94.03,2019-04-09,2019,105.97
4/2/2019,0.0,0.0,0.0,0.0,6.58,93.42,2019-04-02,2019,106.58
3/26/2019,0.0,0.0,0.0,0.0,6.58,93.42,2019-03-26,2019,106.58
3/19/2019,0.0,0.0,0.0,0.0,6.58,93.42,2019-03-19,2019,106.58
3/12/2019,0.0,0.0,0.0,0.0,6.58,93.42,2019-03-12,2019,106.58
3/5/2019,0.0,0.0,0.0,0.6,10.16,89.84,2019-03-05,2019,111.96
2/26/2019,0.0,0.0,0.0,2.33,12.83,87.17,2019-02-26,2019,119.82
2/19/2019,0.0,0.0,1.36,3.77,32.93,67.07,2019-02-19,2019,149.68
2/12/2019,0.0,0.0,1.63,10.55,63.23,36.77,2019-02-12,2019,201.4
2/5/2019,0.0,0.0,1.89,10.55,65.63,34.37,2019-02-05,2019,204.84
1/29/2019,0.0,0.0,1.89,23.66,76.07,23.93,2019-01-29,2019,254.61
1/22/2019,0.0,0.71,3.44,72.23,92.23,7.77,2019-01-22,2019,426.23
1/15/2019,0.0,0.71,5.54,75.17,92.23,7.77,2019-01-15,2019,443.45000000000005
1/8/2019,0.0,1.55,14.12,75.17,92.23,7.77,2019-01-08,2019,481.97
1/1/2019,0.0,2.1,14.12,75.17,92.23,7.77,2019-01-01,2019,484.72
12/25/2018,0.0,2.1,16.24,75.17,92.23,7.77,2018-12-25,2018,493.2
12/18/2018,0.0,2.1,16.87,75.17,92.23,7.77,2018-12-18,2018,495.72
12/11/2018,0.0,2.1,16.87,75.17,92.23,7.77,2018-12-11,2018,495.72
12/4/2018,0.0,3.78,18.34,79.69,92.23,7.77,2018-12-04,2018,523.5600000000001
11/27/2018,0.0,3.78,18.33,83.66,100.0,0.0,2018-11-27,2018,543.1999999999999
11/20/2018,0.0,3.78,18.36,77.62,100.0,0.0,2018-11-20,2018,525.2
11/13/2018,0.0,2.39,18.35,53.2,100.0,0.0,2018-11-13,2018,444.95
11/6/2018,0.0,2.39,18.35,51.92,100.0,0.0,2018-11-06,2018,441.10999999999996
10/30/2018,0.0,2.73,19.3,47.94,84.84,15.16,2018-10-30,2018,419.50999999999993
10/23/2018,0.0,2.73,19.3,47.94,84.84,15.16,2018-10-23,2018,419.50999999999993
10/16/2018,0.0,2.87,22.77,47.94,84.84,15.16,2018-10-16,2018,434.09
10/9/2018,0.0,4.87,22.77,47.94,84.84,15.16,2018-10-09,2018,444.09
10/2/2018,0.0,4.93,22.82,47.97,87.82,12.18,2018-10-02,2018,447.65999999999997
9/25/2018,0.0,4.94,22.82,47.97,87.82,12.18,2018-09-25,2018,447.71
9/18/2018,0.0,4.94,22.82,47.97,87.82,12.18,2018-09-18,2018,447.71
9/11/2018,0.0,4.94,22.82,47.97,87.82,12.18,2018-09-11,2018,447.71
9/4/2018,0.0,2.77,22.89,47.58,86.22,13.78,2018-09-04,2018,434.37000000000006
8/28/2018,0.0,2.77,21.05,47.58,86.22,13.78,2018-08-28,2018,427.01000000000005
8/21/2018,0.0,2.77,20.75,47.19,86.22,13.78,2018-08-21,2018,424.64
8/14/2018,0.0,2.77,20.75,47.19,86.16,13.84,2018-08-14,2018,424.58000000000004
8/7/2018,0.0,2.77,20.75,45.05,86.16,13.84,2018-08-07,2018,418.15999999999997
7/31/2018,0.0,2.77,20.75,44.8,86.16,13.84,2018-07-31,2018,417.40999999999997
7/24/2018,0.0,2.77,20.75,44.73,86.18,13.82,2018-07-24,2018,417.22
7/17/2018,0.0,2.77,20.75,44.14,85.15,14.85,2018-07-17,2018,414.4200000000001
7/10/2018,0.0,2.77,20.75,44.12,85.15,14.85,2018-07-10,2018,414.36
7/3/2018,0.0,2.77,20.75,44.17,85.15,14.85,2018-07-03,2018,414.51
6/26/2018,0.0,2.77,20.75,44.17,85.08,14.92,2018-06-26,2018,414.44
6/19/2018,0.0,2.77,20.75,37.07,69.63,30.37,2018-06-19,2018,377.69000000000005
6/12/2018,0.0,2.77,20.75,37.07,69.61,30.39,2018-06-12,2018,377.6700000000001
6/5/2018,0.0,2.78,20.75,37.08,69.61,30.39,2018-06-05,2018,377.75
5/29/2018,0.0,2.78,20.75,37.08,69.51,30.49,2018-05-29,2018,377.65
5/22/2018,0.0,2.78,20.75,37.08,69.51,30.49,2018-05-22,2018,377.65
5/15/2018,0.0,2.8,20.83,37.15,69.51,30.49,2018-05-15,2018,378.28000000000003
5/8/2018,0.0,2.8,13.99,37.1,65.81,34.19,2018-05-08,2018,347.07
5/1/2018,0.0,2.8,13.99,37.1,65.9,34.1,2018-05-01,2018,347.16
4/24/2018,0.0,2.55,13.77,37.1,65.9,34.1,2018-04-24,2018,345.03000000000003
4/17/2018,0.0,2.5,13.77,37.1,65.9,34.1,2018-04-17,2018,344.78000000000003
4/10/2018,0.0,2.5,13.77,37.1,66.15,33.85,2018-04-10,2018,345.03000000000003
4/3/2018,0.0,2.5,12.72,40.9,77.01,22.99,2018-04-03,2018,363.09000000000003
3/27/2018,0.0,2.5,12.56,40.77,77.01,22.99,2018-03-27,2018,362.06000000000006
3/20/2018,0.0,0.43,22.31,47.68,88.92,11.08,2018-03-20,2018,423.35
3/13/2018,0.0,0.43,22.31,47.68,88.92,11.08,2018-03-13,2018,423.35
3/6/2018,0.0,0.43,22.4,47.87,91.52,8.48,2018-03-06,2018,426.88
2/27/2018,0.0,0.0,19.98,47.87,91.52,8.48,2018-02-27,2018,415.05
2/20/2018,0.0,0.0,19.98,47.87,91.57,8.43,2018-02-20,2018,415.09999999999997
2/13/2018,0.0,0.0,19.98,45.71,81.71,18.29,2018-02-13,2018,398.76
2/6/2018,0.0,0.0,6.39,45.6,81.73,18.27,2018-02-06,2018,344.09000000000003
1/30/2018,0.0,0.0,4.92,43.72,73.33,26.67,2018-01-30,2018,324.17
1/23/2018,0.0,0.0,0.0,12.69,54.52,45.48,2018-01-23,2018,192.59
1/16/2018,0.0,0.0,0.0,12.69,46.79,53.21,2018-01-16,2018,184.85999999999999
1/9/2018,0.0,0.0,0.0,12.69,46.42,53.58,2018-01-09,2018,184.49
1/2/2018,0.0,0.0,0.0,12.69,44.3,55.7,2018-01-02,2018,182.37
12/26/2017,0.0,0.0,0.0,12.69,44.3,55.7,2017-12-26,2017,182.37
12/19/2017,0.0,0.0,0.0,12.69,44.3,55.7,2017-12-19,2017,182.37
12/12/2017,0.0,0.0,0.0,9.9,44.3,55.7,2017-12-12,2017,174.0
12/5/2017,0.0,0.0,0.0,9.9,34.62,65.38,2017-12-05,2017,164.32
11/28/2017,0.0,0.0,0.0,8.24,26.02,73.98,2017-11-28,2017,150.74
11/21/2017,0.0,0.0,0.0,8.24,26.02,73.98,2017-11-21,2017,150.74
11/14/2017,0.0,0.0,0.0,8.24,26.02,73.98,2017-11-14,2017,150.74
11/7/2017,0.0,0.0,0.0,8.24,22.1,77.9,2017-11-07,2017,146.82
10/31/2017,0.0,0.0,0.0,8.24,22.1,77.9,2017-10-31,2017,146.82
10/24/2017,0.0,0.0,0.0,8.24,22.1,77.9,2017-10-24,2017,146.82
10/17/2017,0.0,0.0,0.0,8.24,22.12,77.88,2017-10-17,2017,146.84
10/10/2017,0.0,0.0,0.0,8.24,22.12,77.88,2017-10-10,2017,146.84
10/3/2017,0.0,0.0,0.0,8.24,22.12,77.88,2017-10-03,2017,146.84
9/26/2017,0.0,0.0,0.0,8.24,22.12,77.88,2017-09-26,2017,146.84
9/19/2017,0.0,0.0,0.04,8.24,22.12,77.88,2017-09-19,2017,147.0
9/12/2017,0.0,0.0,0.04,8.24,22.12,77.88,2017-09-12,2017,147.0
9/5/2017,0.0,0.0,0.04,8.24,22.12,77.88,2017-09-05,2017,147.0
8/29/2017,0.0,0.0,0.04,8.24,22.12,77.88,2017-08-29,2017,147.0
8/22/2017,0.0,0.0,0.04,8.24,22.12,77.88,2017-08-22,2017,147.0
8/15/2017,0.0,0.0,0.04,8.24,22.14,77.86,2017-08-15,2017,147.02
8/8/2017,0.0,0.0,1.06,8.24,22.14,77.86,2017-08-08,2017,151.10000000000002
8/1/2017,0.0,0.0,1.06,8.24,22.14,77.86,2017-08-01,2017,151.10000000000002
7/25/2017,0.0,0.0,1.06,8.24,24.27,75.73,2017-07-25,2017,153.23000000000002
7/18/2017,0.0,0.0,1.06,8.24,24.31,75.69,2017-07-18,2017,153.27
7/11/2017,0.0,0.0,1.06,8.24,23.54,76.46,2017-07-11,2017,152.5
7/4/2017,0.0,0.0,1.06,8.24,23.54,76.46,2017-07-04,2017,152.5
6/27/2017,0.0,0.0,1.06,8.24,23.53,76.47,2017-06-27,2017,152.49
6/20/2017,0.0,0.0,1.06,8.24,23.53,76.47,2017-06-20,2017,152.49
6/13/2017,0.0,0.0,1.06,8.24,23.53,76.47,2017-06-13,2017,152.49
6/6/2017,0.0,0.0,1.06,8.24,23.53,76.47,2017-06-06,2017,152.49
5/30/2017,0.0,0.0,1.06,8.24,23.53,76.47,2017-05-30,2017,152.49
5/23/2017,0.0,0.0,1.06,8.24,23.53,76.47,2017-05-23,2017,152.49
5/16/2017,0.0,0.0,1.06,8.24,23.53,76.47,2017-05-16,2017,152.49
5/9/2017,0.0,0.0,1.06,8.24,23.53,76.47,2017-05-09,2017,152.49
5/2/2017,0.0,0.0,1.06,8.24,23.53,76.47,2017-05-02,2017,152.49
4/25/2017,0.0,0.0,1.06,8.24,23.46,76.54,2017-04-25,2017,152.42000000000002
4/18/2017,0.0,0.0,1.06,8.24,23.46,76.54,2017-04-18,2017,152.42000000000002
4/11/2017,0.0,0.0,1.06,8.24,23.46,76.54,2017-04-11,2017,152.42000000000002
4/4/2017,0.0,0.0,1.06,8.24,23.46,76.54,2017-04-04,2017,152.42000000000002
3/28/2017,0.0,0.0,1.06,8.24,23.46,76.54,2017-03-28,2017,152.42000000000002
3/21/2017,0.0,0.0,1.06,8.24,23.46,76.54,2017-03-21,2017,152.42000000000002
3/14/2017,0.0,0.0,1.06,8.24,23.46,76.54,2017-03-14,2017,152.42000000000002
3/7/2017,0.0,0.0,1.1,8.24,23.46,76.54,2017-03-07,2017,152.58
2/28/2017,0.0,0.0,4.08,8.73,25.51,74.49,2017-02-28,2017,168.01999999999998
2/21/2017,0.0,0.0,4.19,16.87,38.34,61.66,2017-02-21,2017,205.70999999999998
2/14/2017,0.0,0.73,7.41,24.19,56.06,43.94,2017-02-14,2017,261.91999999999996
2/7/2017,0.0,0.73,10.93,46.99,58.54,41.46,2017-02-07,2017,346.88
1/31/2017,0.0,1.87,20.3,50.8,61.02,38.98,2017-01-31,2017,403.96999999999997
1/24/2017,0.0,2.16,26.46,51.4,61.27,38.73,2017-01-24,2017,432.11000000000007
1/17/2017,2.13,24.3,44.35,57.51,64.44,35.56,2017-01-17,2017,635.87
1/10/2017,2.13,27.8,49.22,58.22,65.38,34.62,2017-01-10,2017,675.92
1/3/2017,18.31,38.17,54.02,67.61,81.93,18.07,2017-01-03,2017,791.69
12/27/2016,18.31,40.6,57.79,68.87,82.53,17.47,2016-12-27,2016,823.3
12/20/2016,19.75,41.55,59.09,70.11,84.91,15.09,2016-12-20,2016,839.35
12/13/2016,21.04,42.8,60.27,73.04,87.84,12.16,2016-12-13,2016,862.0400000000001
12/6/2016,21.04,42.8,60.27,73.04,87.97,12.03,2016-12-06,2016,862.1700000000001
11/29/2016,21.04,42.8,60.27,73.04,87.97,12.03,2016-11-29,2016,862.1700000000001
11/22/2016,21.04,42.8,60.27,73.04,87.97,12.03,2016-11-22,2016,862.1700000000001
11/15/2016,21.04,42.8,60.27,73.04,87.97,12.03,2016-11-15,2016,862.1700000000001
11/8/2016,21.04,42.8,60.27,73.04,87.97,12.03,2016-11-08,2016,862.1700000000001
11/1/2016,21.04,42.8,61.38,75.26,87.97,12.03,2016-11-01,2016,873.27
10/25/2016,21.04,42.8,61.8,81.12,91.04,8.96,2016-10-25,2016,895.6
10/18/2016,21.04,42.8,61.8,81.12,92.23,7.77,2016-10-18,2016,896.79
10/11/2016,21.04,42.8,62.27,83.59,100.0,0.0,2016-10-11,2016,913.85
10/4/2016,21.04,42.8,62.27,83.59,100.0,0.0,2016-10-04,2016,913.85
9/27/2016,21.04,42.8,62.27,83.59,100.0,0.0,2016-09-27,2016,913.85
9/20/2016,21.04,42.8,62.27,83.59,100.0,0.0,2016-09-20,2016,913.85
9/13/2016,21.04,42.8,62.27,83.59,100.0,0.0,2016-09-13,2016,913.85
9/6/2016,21.04,42.8,59.02,83.59,100.0,0.0,2016-09-06,2016,900.85
8/30/2016,21.04,42.8,59.02,83.59,100.0,0.0,2016-08-30,2016,900.85
8/23/2016,21.04,42.8,59.02,83.59,100.0,0.0,2016-08-23,2016,900.85
8/16/2016,21.04,42.8,59.02,83.59,100.0,0.0,2016-08-16,2016,900.85
8/9/2016,21.04,42.8,59.02,83.59,100.0,0.0,2016-08-09,2016,900.85
8/2/2016,21.04,42.8,59.02,83.59,100.0,0.0,2016-08-02,2016,900.85
7/26/2016,21.04,42.8,59.02,83.59,100.0,0.0,2016-07-26,2016,900.85
7/19/2016,21.04,42.8,59.02,83.59,100.0,0.0,2016-07-19,2016,900.85
7/12/2016,21.04,42.8,59.02,83.59,100.0,0.0,2016-07-12,2016,900.85
7/5/2016,21.04,42.8,59.02,83.59,100.0,0.0,2016-07-05,2016,900.85
6/28/2016,21.04,42.8,59.02,83.59,100.0,0.0,2016-06-28,2016,900.85
6/21/2016,21.04,42.8,59.02,83.59,100.0,0.0,2016-06-21,2016,900.85
6/14/2016,21.04,42.8,59.02,83.59,100.0,0.0,2016-06-14,2016,900.85
6/7/2016,21.04,42.99,59.02,83.91,95.73,4.27,2016-06-07,2016,898.4900000000001
5/31/2016,21.04,42.99,59.02,83.91,93.92,6.08,2016-05-31,2016,896.6800000000001
5/24/2016,21.04,42.99,61.0,86.39,94.5,5.5,2016-05-24,2016,912.6200000000001
5/17/2016,21.04,42.99,63.57,86.39,94.5,5.5,2016-05-17,2016,922.9000000000001
5/10/2016,21.04,47.92,72.72,89.68,95.73,4.27,2016-05-10,2016,995.2500000000001
5/3/2016,21.04,49.15,74.37,89.68,95.73,4.27,2016-05-03,2016,1008.0
4/26/2016,21.04,49.15,74.37,90.09,95.76,4.24,2016-04-26,2016,1009.26
4/19/2016,21.04,49.15,74.37,90.09,95.76,4.24,2016-04-19,2016,1009.26
4/12/2016,31.68,55.25,74.37,90.58,96.45,3.55,2016-04-12,2016,1041.92
4/5/2016,31.68,55.25,74.37,90.58,96.45,3.55,2016-04-05,2016,1041.92
3/29/2016,34.74,55.25,72.82,90.58,96.45,3.55,2016-03-29,2016,1035.72
3/22/2016,34.74,55.31,72.86,91.55,98.84,1.16,2016-03-22,2016,1041.48
3/15/2016,34.74,55.31,73.64,93.28,99.57,0.43,2016-03-15,2016,1050.52
3/8/2016,38.48,60.86,83.16,97.49,99.57,0.43,2016-03-08,2016,1128.98
3/1/2016,38.48,60.86,82.66,95.13,99.57,0.43,2016-03-01,2016,1119.8999999999999
2/23/2016,38.48,60.86,81.82,94.38,99.57,0.43,2016-02-23,2016,1114.29
2/16/2016,38.48,61.4,81.82,94.69,99.71,0.29,2016-02-16,2016,1118.06
2/9/2016,38.48,61.4,81.82,94.77,99.78,0.22,2016-02-09,2016,1118.37
2/2/2016,39.41,63.9,86.13,95.26,100.0,0.0,2016-02-02,2016,1149.8
1/26/2016,40.21,63.96,86.13,95.35,100.0,0.0,2016-01-26,2016,1150.37
1/19/2016,42.66,68.15,86.13,97.17,100.0,0.0,2016-01-19,2016,1176.78
1/12/2016,42.66,69.07,87.55,97.33,100.0,0.0,2016-01-12,2016,1187.54
1/5/2016,44.84,69.07,87.55,97.33,100.0,0.0,2016-01-05,2016,1187.54
12/29/2015,44.84,69.07,87.55,97.33,100.0,0.0,2015-12-29,2015,1187.54
12/22/2015,44.84,69.09,90.63,97.33,100.0,0.0,2015-12-22,2015,1199.96
12/15/2015,44.84,69.09,90.63,97.33,99.86,0.14,2015-12-15,2015,1199.8200000000002
12/8/2015,44.84,69.09,92.26,97.33,99.86,0.14,2015-12-08,2015,1206.3400000000001
12/1/2015,44.84,70.55,92.26,97.33,99.86,0.14,2015-12-01,2015,1213.64
11/24/2015,44.84,70.55,92.26,97.33,99.86,0.14,2015-11-24,2015,1213.64
11/17/2015,44.84,70.55,92.26,97.33,99.86,0.14,2015-11-17,2015,1213.64
11/10/2015,44.84,70.55,92.27,97.33,99.86,0.14,2015-11-10,2015,1213.68
11/3/2015,44.84,70.55,92.27,97.33,99.86,0.14,2015-11-03,2015,1213.68
10/27/2015,46.0,71.08,92.27,97.33,99.86,0.14,2015-10-27,2015,1216.33
10/20/2015,46.0,71.08,92.27,97.33,99.86,0.14,2015-10-20,2015,1216.33
10/13/2015,46.0,71.08,92.36,97.33,99.86,0.14,2015-10-13,2015,1216.69
10/6/2015,46.0,71.08,92.36,97.33,99.86,0.14,2015-10-06,2015,1216.69
9/29/2015,46.0,71.08,92.36,97.33,99.86,0.14,2015-09-29,2015,1216.69
9/22/2015,46.0,71.08,92.36,97.33,99.86,0.14,2015-09-22,2015,1216.69
9/15/2015,46.0,71.08,92.36,97.33,99.86,0.14,2015-09-15,2015,1216.69
9/8/2015,46.0,71.08,92.36,97.35,99.86,0.14,2015-09-08,2015,1216.75
9/1/2015,46.0,71.08,92.36,97.35,99.86,0.14,2015-09-01,2015,1216.75
8/25/2015,46.0,71.08,92.36,97.35,99.86,0.14,2015-08-25,2015,1216.75
8/18/2015,46.0,71.08,92.36,97.35,99.86,0.14,2015-08-18,2015,1216.75
8/11/2015,46.0,71.08,92.36,97.35,99.86,0.14,2015-08-11,2015,1216.75
8/4/2015,46.0,71.08,94.59,97.35,99.86,0.14,2015-08-04,2015,1225.67
7/28/2015,46.0,71.08,94.59,97.35,99.86,0.14,2015-07-28,2015,1225.67
7/21/2015,46.0,71.08,94.59,97.35,99.86,0.14,2015-07-21,2015,1225.67
7/14/2015,46.0,71.08,94.59,98.71,99.86,0.14,2015-07-14,2015,1229.75
7/7/2015,46.73,71.08,94.59,98.71,99.86,0.14,2015-07-07,2015,1229.75
6/30/2015,46.73,71.08,94.59,98.71,99.86,0.14,2015-06-30,2015,1229.75
6/23/2015,46.73,71.08,94.59,98.71,99.86,0.14,2015-06-23,2015,1229.75
6/16/2015,46.73,71.08,94.59,98.71,99.86,0.14,2015-06-16,2015,1229.75
6/9/2015,46.73,71.08,93.91,98.71,99.86,0.14,2015-06-09,2015,1227.03
6/2/2015,46.73,69.61,93.91,98.71,99.86,0.14,2015-06-02,2015,1219.68
5/26/2015,46.73,66.6,93.91,98.71,99.86,0.14,2015-05-26,2015,1204.63
5/19/2015,46.77,66.6,93.91,98.28,99.86,0.14,2015-05-19,2015,1203.3400000000001
5/12/2015,46.77,66.6,93.91,98.28,99.86,0.14,2015-05-12,2015,1203.3400000000001
5/5/2015,46.77,66.6,93.91,98.28,99.86,0.14,2015-05-05,2015,1203.3400000000001
4/28/2015,46.77,66.6,93.44,98.11,99.86,0.14,2015-04-28,2015,1200.9499999999998
4/21/2015,46.77,66.6,93.44,98.11,99.86,0.14,2015-04-21,2015,1200.9499999999998
4/14/2015,44.32,66.6,93.44,98.11,99.86,0.14,2015-04-14,2015,1200.9499999999998
4/7/2015,44.32,66.6,93.44,98.11,99.85,0.15,2015-04-07,2015,1200.94
3/31/2015,41.41,66.6,93.44,98.11,99.85,0.15,2015-03-31,2015,1200.94
3/24/2015,41.41,66.6,93.44,98.11,99.85,0.15,2015-03-24,2015,1200.94
3/17/2015,39.92,67.46,93.44,98.11,99.84,0.16,2015-03-17,2015,1205.23
3/10/2015,39.92,67.46,93.44,98.11,99.84,0.16,2015-03-10,2015,1205.23
3/3/2015,39.92,67.46,93.44,98.1,99.84,0.16,2015-03-03,2015,1205.1999999999998
2/24/2015,39.92,67.46,93.44,98.1,99.84,0.16,2015-02-24,2015,1205.1999999999998
2/17/2015,41.2,67.46,93.44,98.1,99.84,0.16,2015-02-17,2015,1205.1999999999998
2/10/2015,39.99,67.46,93.44,98.1,99.84,0.16,2015-02-10,2015,1205.1999999999998
2/3/2015,39.99,77.46,93.57,98.13,99.84,0.16,2015-02-03,2015,1255.81
1/27/2015,39.99,77.52,94.34,98.13,100.0,0.0,2015-01-27,2015,1259.35
1/20/2015,39.15,77.52,94.34,98.13,100.0,0.0,2015-01-20,2015,1259.35
1/13/2015,39.15,77.52,94.34,98.12,100.0,0.0,2015-01-13,2015,1259.32
1/6/2015,32.21,77.94,94.34,98.12,100.0,0.0,2015-01-06,2015,1261.42
12/30/2014,32.21,77.94,94.34,98.12,100.0,0.0,2014-12-30,2014,1261.42
12/23/2014,32.21,77.94,94.42,98.41,100.0,0.0,2014-12-23,2014,1262.6100000000001
12/16/2014,32.21,77.94,94.42,98.41,100.0,0.0,2014-12-16,2014,1262.6100000000001
12/9/2014,55.08,79.69,94.42,99.72,100.0,0.0,2014-12-09,2014,1275.29
12/2/2014,55.08,79.69,94.42,99.72,100.0,0.0,2014-12-02,2014,1275.29
11/25/2014,55.08,79.69,94.42,99.72,100.0,0.0,2014-11-25,2014,1275.29
11/18/2014,55.08,79.69,94.42,99.72,100.0,0.0,2014-11-18,2014,1275.29
11/11/2014,55.08,79.69,94.42,99.72,100.0,0.0,2014-11-11,2014,1275.29
11/4/2014,55.08,79.69,94.42,99.71,100.0,0.0,2014-11-04,2014,1275.26
10/28/2014,58.41,81.92,95.04,100.0,100.0,0.0,2014-10-28,2014,1289.7600000000002
10/21/2014,58.41,81.92,95.04,100.0,100.0,0.0,2014-10-21,2014,1289.7600000000002
10/14/2014,58.41,81.92,95.04,100.0,100.0,0.0,2014-10-14,2014,1289.7600000000002
10/7/2014,58.41,81.92,95.04,100.0,100.0,0.0,2014-10-07,2014,1289.7600000000002
9/30/2014,58.41,81.92,95.04,100.0,100.0,0.0,2014-09-30,2014,1289.7600000000002
9/23/2014,58.41,81.92,95.34,100.0,100.0,0.0,2014-09-23,2014,1290.96
9/16/2014,58.41,81.92,95.42,100.0,100.0,0.0,2014-09-16,2014,1291.2800000000002
9/9/2014,58.41,81.92,95.42,100.0,100.0,0.0,2014-09-09,2014,1291.2800000000002
9/2/2014,58.41,81.92,95.42,100.0,100.0,0.0,2014-09-02,2014,1291.2800000000002
8/26/2014,58.41,81.92,95.42,100.0,100.0,0.0,2014-08-26,2014,1291.2800000000002
8/19/2014,58.41,81.92,97.59,100.0,100.0,0.0,2014-08-19,2014,1299.96
8/12/2014,58.41,81.92,99.8,100.0,100.0,0.0,2014-08-12,2014,1308.8000000000002
8/5/2014,58.41,81.92,99.8,100.0,100.0,0.0,2014-08-05,2014,1308.8000000000002
7/29/2014,58.41,81.89,100.0,100.0,100.0,0.0,2014-07-29,2014,1309.45
7/22/2014,36.49,81.89,100.0,100.0,100.0,0.0,2014-07-22,2014,1309.45
7/15/2014,36.49,81.85,100.0,100.0,100.0,0.0,2014-07-15,2014,1309.25
7/8/2014,36.46,78.97,100.0,100.0,100.0,0.0,2014-07-08,2014,1294.85
7/1/2014,36.46,78.97,100.0,100.0,100.0,0.0,2014-07-01,2014,1294.85
6/24/2014,32.98,76.69,100.0,100.0,100.0,0.0,2014-06-24,2014,1283.45
6/17/2014,32.98,76.69,100.0,100.0,100.0,0.0,2014-06-17,2014,1283.45
6/10/2014,24.77,76.68,100.0,100.0,100.0,0.0,2014-06-10,2014,1283.4
6/3/2014,24.77,76.68,100.0,100.0,100.0,0.0,2014-06-03,2014,1283.4
5/27/2014,24.77,76.68,100.0,100.0,100.0,0.0,2014-05-27,2014,1283.4
5/20/2014,24.77,76.68,100.0,100.0,100.0,0.0,2014-05-20,2014,1283.4
5/13/2014,24.77,76.68,100.0,100.0,100.0,0.0,2014-05-13,2014,1283.4
5/6/2014,24.77,76.68,95.93,100.0,100.0,0.0,2014-05-06,2014,1267.1200000000001
4/29/2014,24.77,76.68,96.01,100.0,100.0,0.0,2014-04-29,2014,1267.44
4/22/2014,24.77,76.68,96.01,100.0,100.0,0.0,2014-04-22,2014,1267.44
4/15/2014,23.49,68.76,95.21,99.8,100.0,0.0,2014-04-15,2014,1224.04
4/8/2014,23.49,68.76,95.21,99.81,100.0,0.0,2014-04-08,2014,1224.07
4/1/2014,23.49,68.76,95.21,99.81,100.0,0.0,2014-04-01,2014,1224.07
3/25/2014,23.42,71.78,95.21,99.8,100.0,0.0,2014-03-25,2014,1239.1399999999999
3/18/2014,22.37,71.78,93.08,99.8,99.99,0.01,2014-03-18,2014,1230.6100000000001
3/11/2014,22.37,65.89,90.81,94.56,99.99,0.01,2014-03-11,2014,1176.36
3/4/2014,22.37,65.89,90.82,94.56,100.0,0.0,2014-03-04,2014,1176.41
2/25/2014,26.21,73.83,90.82,94.56,100.0,0.0,2014-02-25,2014,1216.1100000000001
2/18/2014,14.62,68.3,90.82,94.54,100.0,0.0,2014-02-18,2014,1188.4
2/11/2014,9.81,60.94,91.59,94.54,98.57,1.43,2014-02-11,2014,1153.25
2/4/2014,9.81,67.13,89.91,94.18,98.57,1.43,2014-02-04,2014,1176.4
1/28/2014,8.77,67.13,89.91,94.18,98.57,1.43,2014-01-28,2014,1176.4
1/21/2014,0.0,62.71,89.91,94.18,98.57,1.43,2014-01-21,2014,1154.3
1/14/2014,0.0,62.71,89.91,94.18,98.57,1.43,2014-01-14,2014,1154.3
1/7/2014,0.0,27.59,87.53,94.25,98.57,1.43,2014-01-07,2014,969.3900000000001
12/31/2013,0.0,27.59,87.53,94.25,97.39,2.61,2013-12-31,2013,968.21
12/24/2013,0.0,27.59,84.88,94.25,97.39,2.61,2013-12-24,2013,957.6099999999999
12/17/2013,0.0,27.59,82.53,94.25,97.39,2.61,2013-12-17,2013,948.21
12/10/2013,0.0,27.59,82.53,94.15,97.39,2.61,2013-12-10,2013,947.9100000000001
12/3/2013,0.0,27.59,82.53,94.15,97.39,2.61,2013-12-03,2013,947.9100000000001
11/26/2013,0.0,27.59,82.53,94.15,97.39,2.61,2013-11-26,2013,947.9100000000001
11/19/2013,0.0,27.59,84.12,96.0,97.39,2.61,2013-11-19,2013,959.8199999999999
11/12/2013,0.0,11.36,84.12,96.0,97.39,2.61,2013-11-12,2013,878.67
11/5/2013,0.0,11.36,84.12,95.98,97.38,2.62,2013-11-05,2013,878.5999999999999
10/29/2013,0.0,11.36,84.12,95.98,97.34,2.66,2013-10-29,2013,878.56
10/22/2013,0.0,11.36,84.12,95.98,97.34,2.66,2013-10-22,2013,878.56
10/15/2013,0.0,11.36,84.12,95.95,97.35,2.65,2013-10-15,2013,878.48
10/8/2013,0.0,11.36,84.12,95.95,97.48,2.52,2013-10-08,2013,878.61
10/1/2013,0.0,11.36,84.12,95.95,97.37,2.63,2013-10-01,2013,878.5
9/24/2013,0.0,11.36,89.84,96.04,97.37,2.63,2013-09-24,2013,901.65
9/17/2013,0.0,11.36,89.84,96.04,97.37,2.63,2013-09-17,2013,901.65
9/10/2013,0.0,11.36,92.94,97.08,100.0,0.0,2013-09-10,2013,919.8
9/3/2013,0.0,11.36,92.94,97.08,100.0,0.0,2013-09-03,2013,919.8
8/27/2013,0.0,11.36,93.86,98.23,100.0,0.0,2013-08-27,2013,926.93
8/20/2013,0.0,11.36,93.86,98.23,100.0,0.0,2013-08-20,2013,926.93
8/13/2013,0.0,11.36,93.86,98.23,100.0,0.0,2013-08-13,2013,926.93
8/6/2013,0.0,0.0,93.86,98.23,100.0,0.0,2013-08-06,2013,870.13
7/30/2013,0.0,0.0,93.86,98.23,100.0,0.0,2013-07-30,2013,870.13
7/23/2013,0.0,0.0,93.96,98.23,100.0,0.0,2013-07-23,2013,870.53
7/16/2013,0.0,0.0,93.96,98.23,100.0,0.0,2013-07-16,2013,870.53
7/9/2013,0.0,0.0,92.7,98.23,100.0,0.0,2013-07-09,2013,865.49
7/2/2013,0.0,0.0,92.7,98.23,100.0,0.0,2013-07-02,2013,865.49
6/25/2013,0.0,0.0,92.61,98.21,100.0,0.0,2013-06-25,2013,865.0699999999999
6/18/2013,0.0,0.0,67.07,98.21,100.0,0.0,2013-06-18,2013,762.91
6/11/2013,0.0,0.0,53.54,98.16,100.0,0.0,2013-06-11,2013,708.64
6/4/2013,0.0,0.0,53.64,98.16,100.0,0.0,2013-06-04,2013,709.04
5/28/2013,0.0,0.0,46.25,98.16,100.0,0.0,2013-05-28,2013,679.48
5/21/2013,0.0,0.0,46.25,98.16,100.0,0.0,2013-05-21,2013,679.48
5/14/2013,0.0,0.0,46.25,98.16,100.0,0.0,2013-05-14,2013,679.48
5/7/2013,0.0,0.0,46.25,98.16,100.0,0.0,2013-05-07,2013,679.48
4/30/2013,0.0,0.0,32.82,64.3,100.0,0.0,2013-04-30,2013,524.18
4/23/2013,0.0,0.0,30.0,63.42,97.16,2.84,2013-04-23,2013,507.41999999999996
4/16/2013,0.0,0.0,23.22,48.39,97.16,2.84,2013-04-16,2013,435.21000000000004
4/9/2013,0.0,0.0,23.22,48.39,97.16,2.84,2013-04-09,2013,435.21000000000004
4/2/2013,0.0,0.0,24.22,48.38,100.0,0.0,2013-04-02,2013,442.02
3/26/2013,0.0,0.0,24.22,48.38,100.0,0.0,2013-03-26,2013,442.02
3/19/2013,0.0,0.0,24.19,48.38,87.15,12.85,2013-03-19,2013,429.05
3/12/2013,0.0,0.0,24.19,46.23,84.37,15.63,2013-03-12,2013,419.82
3/5/2013,0.0,0.0,26.96,47.37,99.97,0.03,2013-03-05,2013,449.91999999999996
2/26/2013,0.0,0.0,26.96,47.13,99.98,0.02,2013-02-26,2013,449.21000000000004
2/19/2013,0.0,0.0,23.72,47.18,84.55,15.45,2013-02-19,2013,420.96999999999997
2/12/2013,0.0,0.0,23.72,47.18,65.47,34.53,2013-02-12,2013,401.89
2/5/2013,0.0,0.0,21.57,47.18,65.8,34.2,2013-02-05,2013,393.62
1/29/2013,0.0,0.0,21.57,47.18,65.8,34.2,2013-01-29,2013,393.62
1/22/2013,0.0,0.0,21.57,53.58,65.8,34.2,2013-01-22,2013,412.82000000000005
1/15/2013,0.0,0.0,21.57,53.58,65.8,34.2,2013-01-15,2013,412.82000000000005
1/8/2013,0.0,0.0,21.37,55.02,67.58,32.42,2013-01-08,2013,418.12
1/1/2013,0.0,0.0,22.5,55.32,68.25,31.75,2013-01-01,2013,424.21000000000004
12/25/2012,0.0,0.05,25.22,56.19,69.06,30.94,2012-12-25,2012,438.76
12/18/2012,0.0,0.05,26.15,56.19,69.06,30.94,2012-12-18,2012,442.48
12/11/2012,0.0,0.05,26.59,57.94,69.06,30.94,2012-12-11,2012,449.49
12/4/2012,0.0,0.05,26.59,59.36,76.85,23.15,2012-12-04,2012,461.53999999999996
11/27/2012,0.0,1.14,28.16,70.47,93.23,6.77,2012-11-27,2012,522.98
11/20/2012,0.0,1.14,21.61,67.67,95.18,4.82,2012-11-20,2012,490.33
11/13/2012,0.0,1.14,19.1,66.37,92.81,7.19,2012-11-13,2012,474.02000000000004
11/6/2012,0.0,1.14,19.1,67.75,92.81,7.19,2012-11-06,2012,478.16
10/30/2012,0.0,1.14,19.1,68.48,93.27,6.73,2012-10-30,2012,480.81
10/23/2012,0.0,1.14,19.1,68.48,93.25,6.75,2012-10-23,2012,480.79
10/16/2012,0.0,1.14,19.1,68.48,93.36,6.64,2012-10-16,2012,480.8999999999999
10/9/2012,0.0,1.14,21.98,69.57,93.36,6.64,2012-10-09,2012,495.68999999999994
10/2/2012,0.0,1.14,21.98,69.41,88.06,11.94,2012-10-02,2012,489.90999999999997
9/25/2012,0.0,1.14,22.27,69.41,88.05,11.95,2012-09-25,2012,491.05999999999995
9/18/2012,0.0,1.14,22.27,69.09,88.05,11.95,2012-09-18,2012,490.09999999999997
9/11/2012,0.0,1.14,22.31,69.13,88.26,11.74,2012-09-11,2012,490.59
9/4/2012,0.0,1.14,22.76,69.28,88.26,11.74,2012-09-04,2012,492.84000000000003
8/28/2012,0.0,1.14,23.05,69.44,88.26,11.74,2012-08-28,2012,494.48
8/21/2012,0.0,0.29,23.3,69.2,88.7,11.3,2012-08-21,2012,490.95000000000005
8/14/2012,0.0,0.29,23.31,63.84,88.7,11.3,2012-08-14,2012,474.91
8/7/2012,0.0,0.29,23.31,63.8,88.36,11.64,2012-08-07,2012,474.45
7/31/2012,0.0,0.29,23.6,63.8,88.36,11.64,2012-07-31,2012,475.60999999999996
7/24/2012,0.0,0.29,26.85,63.8,88.36,11.64,2012-07-24,2012,488.60999999999996
7/17/2012,0.0,0.0,22.92,59.74,84.12,15.88,2012-07-17,2012,455.02000000000004
7/10/2012,0.0,0.0,22.92,59.74,84.12,15.88,2012-07-10,2012,455.02000000000004
7/3/2012,0.0,0.0,22.92,59.77,84.12,15.88,2012-07-03,2012,455.11
6/26/2012,0.0,0.0,22.76,59.51,84.11,15.89,2012-06-26,2012,453.68
6/19/2012,0.0,0.0,22.6,59.51,84.11,15.89,2012-06-19,2012,453.03999999999996
6/12/2012,0.0,0.0,22.6,58.89,84.11,15.89,2012-06-12,2012,451.18000000000006
6/5/2012,0.0,0.0,22.6,58.89,84.11,15.89,2012-06-05,2012,451.18000000000006
5/29/2012,0.0,0.0,22.6,58.89,84.11,15.89,2012-05-29,2012,451.18000000000006
5/22/2012,0.0,0.0,22.6,58.89,84.11,15.89,2012-05-22,2012,451.18000000000006
5/15/2012,0.0,0.0,22.6,58.89,84.11,15.89,2012-05-15,2012,451.18000000000006
5/8/2012,0.0,0.0,21.14,58.89,84.11,15.89,2012-05-08,2012,445.34000000000003
5/1/2012,0.0,0.0,21.14,58.97,84.16,15.84,2012-05-01,2012,445.63
4/24/2012,0.0,0.0,22.87,60.23,84.16,15.84,2012-04-24,2012,456.33000000000004
4/17/2012,0.0,0.0,26.35,60.23,84.16,15.84,2012-04-17,2012,470.25
4/10/2012,0.0,0.0,49.0,81.47,95.11,4.89,2012-04-10,2012,635.52
4/3/2012,0.0,0.0,46.25,82.01,96.46,3.54,2012-04-03,2012,627.49
3/27/2012,0.0,0.0,46.25,89.61,97.78,2.22,2012-03-27,2012,651.61
3/20/2012,0.0,0.0,40.14,89.61,97.78,2.22,2012-03-20,2012,627.1700000000001
3/13/2012,0.0,0.0,45.73,90.14,99.89,0.11,2012-03-13,2012,653.23
3/6/2012,0.0,0.0,16.02,75.24,95.61,4.39,2012-03-06,2012,485.4099999999999
2/28/2012,0.0,0.0,16.02,72.09,95.61,4.39,2012-02-28,2012,475.96
2/21/2012,0.0,0.0,5.06,67.76,95.23,4.77,2012-02-21,2012,418.75000000000006
2/14/2012,0.0,0.0,0.0,59.06,89.63,10.37,2012-02-14,2012,366.81
2/7/2012,0.0,0.0,0.0,59.06,89.63,10.37,2012-02-07,2012,366.81
1/31/2012,0.0,0.0,0.0,57.33,88.91,11.09,2012-01-31,2012,360.9
1/24/2012,0.0,0.0,0.0,41.23,80.88,19.12,2012-01-24,2012,304.57
1/17/2012,0.0,0.0,3.1,46.34,81.26,18.74,2012-01-17,2012,332.68
1/10/2012,0.0,0.0,3.1,46.34,80.9,19.1,2012-01-10,2012,332.32
1/3/2012,0.0,0.0,0.0,46.34,70.09,29.91,2012-01-03,2012,309.11
12/27/2011,0.0,0.0,0.0,5.41,66.09,33.91,2011-12-27,2011,182.32
12/20/2011,0.0,0.0,0.0,0.0,28.42,71.58,2011-12-20,2011,128.42000000000002
12/13/2011,0.0,0.0,0.0,0.0,25.68,74.32,2011-12-13,2011,125.67999999999999
12/6/2011,0.0,0.0,0.0,0.0,17.47,82.53,2011-12-06,2011,117.47
11/29/2011,0.0,0.0,0.0,0.0,11.68,88.32,2011-11-29,2011,111.67999999999999
11/22/2011,0.0,0.0,0.0,0.0,11.58,88.42,2011-11-22,2011,111.58
11/15/2011,0.0,0.0,0.0,0.0,11.58,88.42,2011-11-15,2011,111.58
11/8/2011,0.0,0.0,0.0,0.0,11.49,88.51,2011-11-08,2011,111.49000000000001
11/1/2011,0.0,0.0,0.0,0.0,10.78,89.22,2011-11-01,2011,110.78
10/25/2011,0.0,0.0,0.0,0.0,10.75,89.25,2011-10-25,2011,110.75
10/18/2011,0.0,0.0,0.0,0.0,10.75,89.25,2011-10-18,2011,110.75
10/11/2011,0.0,0.0,0.0,0.0,10.75,89.25,2011-10-11,2011,110.75
10/4/2011,0.0,0.0,0.0,0.0,10.75,89.25,2011-10-04,2011,110.75
9/27/2011,0.0,0.0,0.0,0.0,10.86,89.14,2011-09-27,2011,110.86
9/20/2011,0.0,0.0,0.0,0.0,10.86,89.14,2011-09-20,2011,110.86
9/13/2011,0.0,0.0,0.0,0.0,12.64,87.36,2011-09-13,2011,112.64
9/6/2011,0.0,0.0,0.0,0.0,12.45,87.55,2011-09-06,2011,112.44999999999999
8/30/2011,0.0,0.0,0.0,0.0,7.86,92.14,2011-08-30,2011,107.86
8/23/2011,0.0,0.0,0.0,0.0,7.88,92.12,2011-08-23,2011,107.88000000000001
8/16/2011,0.0,0.0,0.0,0.0,7.88,92.12,2011-08-16,2011,107.88000000000001
8/9/2011,0.0,0.0,0.0,0.0,14.66,85.34,2011-08-09,2011,114.66
8/2/2011,0.0,0.0,0.0,0.0,14.66,85.34,2011-08-02,2011,114.66
7/26/2011,0.0,0.0,0.0,0.0,14.66,85.34,2011-07-26,2011,114.66
7/19/2011,0.0,0.0,0.0,0.0,14.66,85.34,2011-07-19,2011,114.66
7/12/2011,0.0,0.0,0.0,0.0,12.13,87.87,2011-07-12,2011,112.13000000000001
7/5/2011,0.0,0.0,0.0,0.0,12.29,87.71,2011-07-05,2011,112.28999999999999
6/28/2011,0.0,0.0,0.0,0.0,12.29,87.71,2011-06-28,2011,112.28999999999999
6/21/2011,0.0,0.0,0.0,0.0,0.01,99.99,2011-06-21,2011,100.00999999999999
6/14/2011,0.0,0.0,0.0,0.0,0.01,99.99,2011-06-14,2011,100.00999999999999
6/7/2011,0.0,0.0,0.0,0.0,0.01,99.99,2011-06-07,2011,100.00999999999999
5/31/2011,0.0,0.0,0.0,0.0,0.01,99.99,2011-05-31,2011,100.00999999999999
5/24/2011,0.0,0.0,0.0,0.0,0.01,99.99,2011-05-24,2011,100.00999999999999
5/17/2011,0.0,0.0,0.0,0.0,0.01,99.99,2011-05-17,2011,100.00999999999999
5/10/2011,0.0,0.0,0.0,0.0,0.01,99.99,2011-05-10,2011,100.00999999999999
5/3/2011,0.0,0.0,0.0,0.0,0.01,99.99,2011-05-03,2011,100.00999999999999
4/26/2011,0.0,0.0,0.0,0.0,0.01,99.99,2011-04-26,2011,100.00999999999999
4/19/2011,0.0,0.0,0.0,0.0,0.01,99.99,2011-04-19,2011,100.00999999999999
4/12/2011,0.0,0.0,0.0,0.0,0.01,99.99,2011-04-12,2011,100.00999999999999
4/5/2011,0.0,0.0,0.0,0.0,0.01,99.99,2011-04-05,2011,100.00999999999999
3/29/2011,0.0,0.0,0.0,0.0,0.06,99.94,2011-03-29,2011,100.06
3/22/2011,0.0,0.0,0.0,0.0,3.13,96.87,2011-03-22,2011,103.13000000000001
3/15/2011,0.0,0.0,0.0,0.0,5.8,94.2,2011-03-15,2011,105.8
3/8/2011,0.0,0.0,0.0,0.0,5.8,94.2,2011-03-08,2011,105.8
3/1/2011,0.0,0.0,0.0,0.0,0.06,99.94,2011-03-01,2011,100.06
2/22/2011,0.0,0.0,0.0,0.0,0.06,99.94,2011-02-22,2011,100.06
2/15/2011,0.0,0.0,0.0,0.0,22.66,77.34,2011-02-15,2011,122.66
2/8/2011,0.0,0.0,0.0,0.0,22.66,77.34,2011-02-08,2011,122.66
2/1/2011,0.0,0.0,0.0,0.0,0.06,99.94,2011-02-01,2011,100.06
1/25/2011,0.0,0.0,0.0,0.0,0.06,99.94,2011-01-25,2011,100.06
1/18/2011,0.0,0.0,0.0,0.0,0.06,99.94,2011-01-18,2011,100.06
1/11/2011,0.0,0.0,0.0,0.0,0.07,99.93,2011-01-11,2011,100.07000000000001
1/4/2011,0.0,0.0,0.0,0.0,1.38,98.62,2011-01-04,2011,101.38000000000001
12/28/2010,0.0,0.0,0.0,0.0,1.38,98.62,2010-12-28,2010,101.38000000000001
12/21/2010,0.0,0.0,0.0,0.0,5.14,94.86,2010-12-21,2010,105.14
12/14/2010,0.0,0.0,0.0,1.25,20.44,79.56,2010-12-14,2010,124.19
12/7/2010,0.0,0.0,0.0,2.14,21.07,78.93,2010-12-07,2010,127.49000000000001
11/30/2010,0.0,0.0,0.0,2.41,18.33,81.67,2010-11-30,2010,125.56
11/23/2010,0.0,0.0,0.0,2.41,9.86,90.14,2010-11-23,2010,117.09
11/16/2010,0.0,0.0,0.19,4.62,9.86,90.14,2010-11-16,2010,124.48
11/9/2010,0.0,0.0,0.19,4.62,9.86,90.14,2010-11-09,2010,124.48
11/2/2010,0.0,0.0,0.19,4.62,9.86,90.14,2010-11-02,2010,124.48
10/26/2010,0.0,0.0,0.19,4.62,9.86,90.14,2010-10-26,2010,124.48
10/19/2010,0.0,0.0,0.24,6.07,11.92,88.08,2010-10-19,2010,131.09
10/12/2010,0.0,0.0,0.24,6.07,11.92,88.08,2010-10-12,2010,131.09
10/5/2010,0.0,0.0,0.24,8.08,14.56,85.44,2010-10-05,2010,139.76000000000002
9/28/2010,0.0,0.0,0.24,8.08,14.56,85.44,2010-09-28,2010,139.76000000000002
9/21/2010,0.0,0.0,0.24,8.08,14.56,85.44,2010-09-21,2010,139.76000000000002
9/14/2010,0.0,0.0,0.24,8.08,14.56,85.44,2010-09-14,2010,139.76000000000002
9/7/2010,0.0,0.0,0.24,8.08,14.56,85.44,2010-09-07,2010,139.76000000000002
8/31/2010,0.0,0.0,0.24,8.08,14.56,85.44,2010-08-31,2010,139.76000000000002
8/24/2010,0.0,0.0,0.24,8.08,14.56,85.44,2010-08-24,2010,139.76000000000002
8/17/2010,0.0,0.0,0.24,8.08,14.56,85.44,2010-08-17,2010,139.76000000000002
8/10/2010,0.0,0.0,0.24,8.08,14.56,85.44,2010-08-10,2010,139.76000000000002
8/3/2010,0.0,0.0,0.24,8.08,14.56,85.44,2010-08-03,2010,139.76000000000002
7/27/2010,0.0,0.0,0.24,8.08,12.54,87.46,2010-07-27,2010,137.74
7/20/2010,0.0,0.0,0.24,8.08,12.21,87.79,2010-07-20,2010,137.41000000000003
7/13/2010,0.0,0.0,0.24,8.08,12.03,87.97,2010-07-13,2010,137.23000000000002
7/6/2010,0.0,0.0,0.24,8.08,12.03,87.97,2010-07-06,2010,137.23000000000002
6/29/2010,0.0,0.0,0.24,8.08,12.03,87.97,2010-06-29,2010,137.23000000000002
6/22/2010,0.0,0.0,0.24,8.08,12.03,87.97,2010-06-22,2010,137.23000000000002
6/15/2010,0.0,0.0,0.24,8.08,12.03,87.97,2010-06-15,2010,137.23000000000002
6/8/2010,0.0,0.0,5.97,8.08,12.03,87.97,2010-06-08,2010,160.15
6/1/2010,0.0,0.0,5.97,8.08,12.98,87.02,2010-06-01,2010,161.1
5/25/2010,0.0,0.0,5.97,8.08,12.98,87.02,2010-05-25,2010,161.1
5/18/2010,0.0,0.0,6.96,8.58,18.7,81.3,2010-05-18,2010,172.28
5/11/2010,0.0,0.0,7.09,9.13,27.31,72.69,2010-05-11,2010,183.06
5/4/2010,0.0,0.0,7.1,9.89,27.18,72.82,2010-05-04,2010,185.25
4/27/2010,0.0,0.0,7.1,9.89,27.18,72.82,2010-04-27,2010,185.25
4/20/2010,0.0,0.0,7.1,9.89,32.39,67.61,2010-04-20,2010,190.46
4/13/2010,0.0,0.0,7.1,9.89,32.24,67.76,2010-04-13,2010,190.31000000000003
4/6/2010,0.0,0.0,7.1,9.89,36.79,63.21,2010-04-06,2010,194.85999999999999
3/30/2010,0.0,0.0,7.1,9.91,36.76,63.24,2010-03-30,2010,194.89
3/23/2010,0.0,0.0,7.1,9.91,35.71,64.29,2010-03-23,2010,193.84
3/16/2010,0.0,0.0,6.75,10.14,33.92,66.08,2010-03-16,2010,191.34000000000003
3/9/2010,0.0,0.0,5.88,10.91,33.33,66.67,2010-03-09,2010,189.58
3/2/2010,0.0,0.0,4.28,10.72,35.41,64.59,2010-03-02,2010,184.69
2/23/2010,0.0,0.0,4.28,10.72,35.41,64.59,2010-02-23,2010,184.69
2/16/2010,0.0,0.0,4.28,10.98,35.95,64.05,2010-02-16,2010,186.01
2/9/2010,0.0,0.0,2.19,10.98,55.68,44.32,2010-02-09,2010,197.38
2/2/2010,0.0,0.0,2.19,18.75,56.81,43.19,2010-02-02,2010,221.82
1/26/2010,0.0,0.0,2.19,19.41,57.39,42.61,2010-01-26,2010,224.38
1/19/2010,0.0,0.0,13.98,63.2,92.06,7.94,2010-01-19,2010,437.58000000000004
1/12/2010,0.0,0.0,21.22,72.94,93.44,6.56,2010-01-12,2010,497.14
1/5/2010,0.0,0.0,9.04,72.75,93.44,6.56,2010-01-05,2010,447.85
12/29/2009,0.0,0.0,9.24,72.16,93.44,6.56,2009-12-29,2009,446.87999999999994
12/22/2009,0.0,0.0,9.24,72.16,93.44,6.56,2009-12-22,2009,446.87999999999994
12/15/2009,0.0,0.0,9.24,72.16,93.44,6.56,2009-12-15,2009,446.87999999999994
12/8/2009,0.0,0.0,17.26,74.05,92.28,7.72,2009-12-08,2009,483.46999999999997
12/1/2009,0.0,0.0,17.26,74.05,92.28,7.72,2009-12-01,2009,483.46999999999997
11/24/2009,0.0,0.0,17.26,73.62,91.6,8.4,2009-11-24,2009,481.50000000000006
11/17/2009,0.0,0.0,17.7,77.32,92.41,7.59,2009-11-17,2009,495.17
11/10/2009,0.0,0.0,17.7,77.32,92.41,7.59,2009-11-10,2009,495.17
11/3/2009,0.0,0.0,17.7,77.35,92.41,7.59,2009-11-03,2009,495.26
10/27/2009,0.0,0.0,17.7,62.51,90.91,9.09,2009-10-27,2009,449.24
10/20/2009,0.0,0.0,17.7,61.23,89.41,10.59,2009-10-20,2009,443.90000000000003
10/13/2009,0.0,0.0,45.82,73.44,100.0,0.0,2009-10-13,2009,603.6
10/6/2009,0.0,0.0,45.82,73.44,100.0,0.0,2009-10-06,2009,603.6
9/29/2009,0.0,0.0,45.82,73.44,100.0,0.0,2009-09-29,2009,603.6
9/22/2009,0.0,0.0,45.82,73.44,100.0,0.0,2009-09-22,2009,603.6
9/15/2009,0.0,0.0,45.82,73.44,100.0,0.0,2009-09-15,2009,603.6
9/8/2009,0.0,0.0,45.82,73.44,100.0,0.0,2009-09-08,2009,603.6
9/1/2009,0.0,0.0,45.82,73.44,100.0,0.0,2009-09-01,2009,603.6
8/25/2009,0.0,0.0,42.8,72.86,99.98,0.02,2009-08-25,2009,589.76
8/18/2009,0.0,0.0,42.8,72.86,99.98,0.02,2009-08-18,2009,589.76
8/11/2009,0.0,0.0,42.8,72.86,99.2,0.8,2009-08-11,2009,588.98
8/4/2009,0.0,0.0,44.26,72.86,99.22,0.78,2009-08-04,2009,594.8399999999999
7/28/2009,0.0,0.0,44.26,72.86,97.53,2.47,2009-07-28,2009,593.15
7/21/2009,0.0,0.0,44.26,72.86,97.53,2.47,2009-07-21,2009,593.15
7/14/2009,0.0,0.0,44.26,72.86,97.53,2.47,2009-07-14,2009,593.15
7/7/2009,0.0,0.0,44.26,72.86,97.53,2.47,2009-07-07,2009,593.15
6/30/2009,0.0,0.0,44.26,72.01,97.14,2.86,2009-06-30,2009,590.21
6/23/2009,0.0,0.0,44.26,72.01,97.14,2.86,2009-06-23,2009,590.21
6/16/2009,0.0,0.0,44.26,72.01,97.19,2.81,2009-06-16,2009,590.26
6/9/2009,0.0,0.0,44.26,72.0,97.28,2.72,2009-06-09,2009,590.3199999999999
6/2/2009,0.0,0.0,44.25,72.32,97.28,2.72,2009-06-02,2009,591.24
5/26/2009,0.0,0.0,35.29,72.11,96.38,3.62,2009-05-26,2009,553.87
5/19/2009,0.0,0.0,35.29,72.11,96.38,3.62,2009-05-19,2009,553.87
5/12/2009,0.0,0.0,35.29,72.11,96.35,3.65,2009-05-12,2009,553.8399999999999
5/5/2009,0.0,0.0,35.29,72.11,96.35,3.65,2009-05-05,2009,553.8399999999999
4/28/2009,0.0,0.0,38.81,73.0,96.35,3.65,2009-04-28,2009,570.59
4/21/2009,0.0,0.0,38.81,73.0,96.35,3.65,2009-04-21,2009,570.59
4/14/2009,0.0,0.0,35.49,62.69,94.85,5.15,2009-04-14,2009,524.88
4/7/2009,0.0,0.0,35.49,62.69,94.85,5.15,2009-04-07,2009,524.88
3/31/2009,0.0,0.0,22.53,63.83,94.85,5.15,2009-03-31,2009,476.46000000000004
3/24/2009,0.0,0.0,22.53,63.83,94.85,5.15,2009-03-24,2009,476.46000000000004
3/17/2009,0.0,0.0,22.5,63.83,94.85,5.15,2009-03-17,2009,476.34000000000003
3/10/2009,0.0,0.0,22.5,62.32,94.85,5.15,2009-03-10,2009,471.81
3/3/2009,0.0,4.37,41.84,70.73,94.85,5.15,2009-03-03,2009,596.25
2/24/2009,0.0,14.78,49.69,70.73,94.85,5.15,2009-02-24,2009,679.6999999999999
2/17/2009,0.0,16.7,50.06,70.73,94.85,5.15,2009-02-17,2009,690.78
2/10/2009,0.0,19.0,54.7,78.76,99.1,0.9,2009-02-10,2009,749.1800000000001
2/3/2009,0.0,19.01,54.7,89.43,99.23,0.77,2009-02-03,2009,781.3700000000001
1/27/2009,0.0,15.94,48.9,88.21,98.77,1.23,2009-01-27,2009,738.7
1/20/2009,0.0,12.97,48.9,88.21,98.29,1.71,2009-01-20,2009,723.37
1/13/2009,0.0,2.77,44.08,88.21,98.29,1.71,2009-01-13,2009,653.09
1/6/2009,0.0,2.77,41.26,88.21,98.29,1.71,2009-01-06,2009,641.8100000000001
12/30/2008,0.0,2.77,43.02,88.21,98.31,1.69,2008-12-30,2008,648.87
12/23/2008,0.0,2.77,43.02,88.79,99.93,0.07,2008-12-23,2008,652.23
12/16/2008,0.0,5.83,50.72,93.97,100.0,0.0,2008-12-16,2008,713.9399999999999
12/9/2008,0.0,3.21,49.19,87.41,100.0,0.0,2008-12-09,2008,675.04
12/2/2008,0.0,0.0,41.34,86.02,100.0,0.0,2008-12-02,2008,623.4200000000001
11/25/2008,0.0,0.0,41.34,86.02,95.29,4.71,2008-11-25,2008,618.71
11/18/2008,0.0,0.0,41.34,86.02,95.29,4.71,2008-11-18,2008,618.71
11/11/2008,0.0,0.0,41.34,86.02,95.29,4.71,2008-11-11,2008,618.71
11/4/2008,0.0,0.0,40.37,90.51,100.0,0.0,2008-11-04,2008,633.01
10/28/2008,0.0,0.0,55.56,93.55,100.0,0.0,2008-10-28,2008,702.89
10/21/2008,0.0,0.0,55.62,93.48,100.0,0.0,2008-10-21,2008,702.92
10/14/2008,0.0,0.0,55.11,95.81,99.95,0.05,2008-10-14,2008,707.8199999999999
10/7/2008,0.0,0.0,55.0,95.9,99.96,0.04,2008-10-07,2008,707.6600000000001
9/30/2008,0.0,2.05,55.23,95.9,99.96,0.04,2008-09-30,2008,718.83
9/23/2008,0.0,2.05,55.23,95.9,99.96,0.04,2008-09-23,2008,718.83
9/16/2008,0.0,0.0,48.77,95.9,99.96,0.04,2008-09-16,2008,682.74
9/9/2008,0.0,0.0,48.77,95.9,99.96,0.04,2008-09-09,2008,682.74
9/2/2008,0.0,0.0,44.47,98.43,99.96,0.04,2008-09-02,2008,673.13
8/26/2008,0.0,0.0,43.07,97.69,99.96,0.04,2008-08-26,2008,665.31
8/19/2008,0.0,0.0,41.38,96.88,99.96,0.04,2008-08-19,2008,656.12
8/12/2008,0.0,0.0,38.7,88.88,99.96,0.04,2008-08-12,2008,621.4
8/5/2008,0.0,0.0,38.7,88.88,99.94,0.06,2008-08-05,2008,621.38
7/29/2008,0.0,0.0,38.7,88.88,99.94,0.06,2008-07-29,2008,621.38
7/22/2008,0.0,0.0,16.57,88.88,99.88,0.12,2008-07-22,2008,532.8
7/15/2008,0.0,0.0,18.07,89.2,99.94,0.06,2008-07-15,2008,539.82
7/8/2008,0.0,0.0,18.07,89.2,99.86,0.14,2008-07-08,2008,539.74
7/1/2008,0.0,0.0,18.07,89.2,99.86,0.14,2008-07-01,2008,539.74
6/24/2008,0.0,0.0,18.07,89.2,99.86,0.14,2008-06-24,2008,539.74
6/17/2008,0.0,0.0,18.07,89.2,99.83,0.17,2008-06-17,2008,539.71
6/10/2008,0.0,0.0,9.26,63.74,95.31,4.69,2008-06-10,2008,423.57
6/3/2008,0.0,0.0,9.26,63.74,95.22,4.78,2008-06-03,2008,423.48
5/27/2008,0.0,0.0,9.26,47.51,91.09,8.91,2008-05-27,2008,370.66
5/20/2008,0.0,0.0,9.26,48.43,92.25,7.75,2008-05-20,2008,374.58
5/13/2008,0.0,0.0,9.26,48.43,92.25,7.75,2008-05-13,2008,374.58
5/6/2008,0.0,0.0,9.26,48.43,92.27,7.73,2008-05-06,2008,374.59999999999997
4/29/2008,0.0,0.0,9.26,45.66,92.71,7.29,2008-04-29,2008,366.72999999999996
4/22/2008,0.0,0.0,5.45,39.61,75.42,24.58,2008-04-22,2008,316.05
4/15/2008,0.0,0.0,5.45,39.61,75.42,24.58,2008-04-15,2008,316.05
4/8/2008,0.0,0.0,5.45,39.61,63.23,36.77,2008-04-08,2008,303.86
4/1/2008,0.0,0.0,3.83,31.58,55.48,44.52,2008-04-01,2008,265.53999999999996
3/25/2008,0.0,0.0,3.88,30.08,55.48,44.52,2008-03-25,2008,261.23999999999995
3/18/2008,0.0,0.0,13.33,34.28,55.48,44.52,2008-03-18,2008,311.64
3/11/2008,0.0,0.0,13.33,34.28,55.48,44.52,2008-03-11,2008,311.64
3/4/2008,0.0,0.0,13.33,34.28,55.48,44.52,2008-03-04,2008,311.64
2/26/2008,0.0,0.0,13.33,34.28,55.48,44.52,2008-02-26,2008,311.64
2/19/2008,0.0,0.0,14.06,37.46,81.73,18.27,2008-02-19,2008,350.35
2/12/2008,0.0,0.0,14.06,37.37,81.73,18.27,2008-02-12,2008,350.08000000000004
2/5/2008,0.0,0.0,14.06,36.63,81.77,18.23,2008-02-05,2008,347.9
1/29/2008,0.0,0.0,14.83,41.6,81.77,18.23,2008-01-29,2008,365.89
1/22/2008,0.0,0.0,32.8,79.85,88.64,11.36,2008-01-22,2008,559.3899999999999
1/15/2008,0.0,0.0,32.8,79.77,88.64,11.36,2008-01-15,2008,559.15
1/8/2008,0.0,0.0,31.56,79.77,88.64,11.36,2008-01-08,2008,554.1899999999999
1/1/2008,0.0,14.55,58.04,84.7,91.13,8.87,2008-01-01,2008,750.14
12/25/2007,0.0,14.54,58.04,84.7,91.13,8.87,2007-12-25,2007,750.0899999999999
12/18/2007,0.0,14.54,58.04,84.7,91.13,8.87,2007-12-18,2007,750.0899999999999
12/11/2007,0.0,14.55,58.04,84.83,91.13,8.87,2007-12-11,2007,750.53
12/4/2007,0.0,14.53,58.04,84.83,91.13,8.87,2007-12-04,2007,750.43
11/27/2007,0.0,33.68,58.02,84.83,91.13,8.87,2007-11-27,2007,846.1
11/20/2007,0.0,33.68,58.02,84.83,91.13,8.87,2007-11-20,2007,846.1
11/13/2007,0.0,33.67,58.02,84.83,91.13,8.87,2007-11-13,2007,846.0500000000001
11/6/2007,0.0,33.69,58.3,84.83,91.13,8.87,2007-11-06,2007,847.27
10/30/2007,0.0,33.68,58.3,84.83,91.13,8.87,2007-10-30,2007,847.2199999999999
10/23/2007,0.0,33.74,64.62,86.09,94.39,5.61,2007-10-23,2007,879.84
10/16/2007,0.0,33.76,64.62,92.56,98.83,1.17,2007-10-16,2007,903.79
10/9/2007,0.0,33.75,64.62,92.56,99.9,0.1,2007-10-09,2007,904.8100000000001
10/2/2007,0.0,33.76,64.62,92.56,100.0,0.0,2007-10-02,2007,904.96
9/25/2007,0.0,33.76,64.62,92.56,100.0,0.0,2007-09-25,2007,904.96
9/18/2007,0.0,35.23,65.34,92.56,100.0,0.0,2007-09-18,2007,915.1899999999999
9/11/2007,0.0,35.22,65.34,92.56,100.0,0.0,2007-09-11,2007,915.14
9/4/2007,0.0,35.22,65.34,92.56,100.0,0.0,2007-09-04,2007,915.14
8/28/2007,0.0,35.21,65.34,92.56,100.0,0.0,2007-08-28,2007,915.0899999999999
8/21/2007,0.0,35.23,65.34,92.32,100.0,0.0,2007-08-21,2007,914.4699999999999
8/14/2007,0.0,35.23,65.34,92.32,100.0,0.0,2007-08-14,2007,914.4699999999999
8/7/2007,0.0,35.15,65.34,92.32,100.0,0.0,2007-08-07,2007,914.0699999999999
7/31/2007,0.0,35.15,65.34,92.32,100.0,0.0,2007-07-31,2007,914.0699999999999
7/24/2007,0.0,35.15,65.34,92.32,100.0,0.0,2007-07-24,2007,914.0699999999999
7/17/2007,0.0,35.15,65.34,92.32,100.0,0.0,2007-07-17,2007,914.0699999999999
7/10/2007,0.0,35.15,65.34,92.32,100.0,0.0,2007-07-10,2007,914.0699999999999
7/3/2007,0.0,35.14,65.34,92.32,100.0,0.0,2007-07-03,2007,914.02
6/26/2007,0.0,34.31,65.34,92.32,100.0,0.0,2007-06-26,2007,909.8699999999999
6/19/2007,0.0,34.31,65.34,92.32,100.0,0.0,2007-06-19,2007,909.8699999999999
6/12/2007,0.0,34.4,65.34,92.32,96.69,3.31,2007-06-12,2007,907.01
6/5/2007,0.0,34.4,65.34,92.32,96.69,3.31,2007-06-05,2007,907.01
5/29/2007,0.0,34.4,65.34,92.32,96.69,3.31,2007-05-29,2007,907.01
5/22/2007,0.0,34.39,65.34,92.06,96.69,3.31,2007-05-22,2007,906.1800000000001
5/15/2007,0.0,28.65,60.45,89.76,96.69,3.31,2007-05-15,2007,851.02
5/8/2007,0.0,28.65,51.64,82.35,92.49,7.51,2007-05-08,2007,789.3499999999999
5/1/2007,0.0,28.65,51.64,82.35,92.49,7.51,2007-05-01,2007,789.3499999999999
4/24/2007,0.0,28.65,51.64,82.43,92.25,7.75,2007-04-24,2007,789.35
4/17/2007,0.0,28.65,56.13,87.3,96.23,3.77,2007-04-17,2007,825.9
4/10/2007,0.0,21.32,38.57,82.27,94.7,5.3,2007-04-10,2007,702.39
4/3/2007,0.0,21.32,33.01,63.02,91.48,8.52,2007-04-03,2007,619.1800000000001
3/27/2007,0.0,21.32,33.69,60.74,80.05,19.95,2007-03-27,2007,603.63
3/20/2007,0.0,21.23,32.59,59.6,74.56,25.44,2007-03-20,2007,589.87
3/13/2007,0.0,21.23,32.59,59.37,74.59,25.41,2007-03-13,2007,589.21
3/6/2007,0.0,0.0,28.8,54.02,74.59,25.41,2007-03-06,2007,451.84999999999997
2/27/2007,0.0,0.0,28.8,54.02,74.59,25.41,2007-02-27,2007,451.84999999999997
2/20/2007,0.0,0.0,29.64,59.19,84.82,15.18,2007-02-20,2007,480.95
2/13/2007,0.0,0.0,29.73,54.44,75.05,24.95,2007-02-13,2007,457.29
2/6/2007,0.0,0.0,24.23,61.27,90.36,9.64,2007-02-06,2007,471.09000000000003
1/30/2007,0.0,0.0,22.87,61.27,90.18,9.82,2007-01-30,2007,465.47
1/23/2007,0.0,0.0,17.72,46.97,89.28,10.72,2007-01-23,2007,401.07
1/16/2007,0.0,0.0,2.62,27.15,65.03,34.97,2007-01-16,2007,256.96
1/9/2007,0.0,0.0,2.62,27.15,65.03,34.97,2007-01-09,2007,256.96
1/2/2007,0.0,0.0,0.0,26.77,59.27,40.73,2007-01-02,2007,239.58
12/26/2006,0.0,0.0,0.0,11.64,59.65,40.35,2006-12-26,2006,194.57
12/19/2006,0.0,0.0,0.0,11.64,59.65,40.35,2006-12-19,2006,194.57
12/12/2006,0.0,0.0,0.0,0.79,50.21,49.79,2006-12-12,2006,152.58
12/5/2006,0.0,0.0,0.0,0.79,55.97,44.03,2006-12-05,2006,158.34
11/28/2006,0.0,0.0,0.0,0.82,22.28,77.72,2006-11-28,2006,124.74
11/21/2006,0.0,0.0,0.0,0.82,22.36,77.64,2006-11-21,2006,124.82
11/14/2006,0.0,0.0,0.0,0.82,15.43,84.57,2006-11-14,2006,117.88999999999999
11/7/2006,0.0,0.0,0.0,0.82,15.43,84.57,2006-11-07,2006,117.88999999999999
10/31/2006,0.0,0.0,0.0,0.82,15.43,84.57,2006-10-31,2006,117.88999999999999
10/24/2006,0.0,0.0,0.0,0.82,15.43,84.57,2006-10-24,2006,117.88999999999999
10/17/2006,0.0,0.0,0.0,0.82,15.43,84.57,2006-10-17,2006,117.88999999999999
10/10/2006,0.0,0.0,0.0,0.82,14.85,85.15,2006-10-10,2006,117.31
10/3/2006,0.0,0.0,0.0,0.82,14.85,85.15,2006-10-03,2006,117.31
9/26/2006,0.0,0.0,0.0,0.82,15.03,84.97,2006-09-26,2006,117.49
9/19/2006,0.0,0.0,0.0,0.82,15.03,84.97,2006-09-19,2006,117.49
9/12/2006,0.0,0.0,0.13,2.62,15.03,84.97,2006-09-12,2006,123.41
9/5/2006,0.0,0.0,0.13,2.62,15.21,84.79,2006-09-05,2006,123.59
8/29/2006,0.0,0.0,0.0,0.05,6.77,93.23,2006-08-29,2006,106.92000000000002
8/22/2006,0.0,0.0,0.0,0.06,6.97,93.03,2006-08-22,2006,107.15
8/15/2006,0.0,0.0,0.0,0.16,7.73,92.27,2006-08-15,2006,108.21
8/8/2006,0.0,0.0,0.0,0.12,7.73,92.27,2006-08-08,2006,108.08999999999999
8/1/2006,0.0,0.0,0.0,0.12,7.73,92.27,2006-08-01,2006,108.08999999999999
7/25/2006,0.0,0.0,0.0,0.12,7.73,92.27,2006-07-25,2006,108.08999999999999
7/18/2006,0.0,0.0,0.0,0.12,7.73,92.27,2006-07-18,2006,108.08999999999999
7/11/2006,0.0,0.0,0.0,0.12,8.0,92.0,2006-07-11,2006,108.36
7/4/2006,0.0,0.0,0.0,0.07,8.3,91.7,2006-07-04,2006,108.51
6/27/2006,0.0,0.0,0.0,0.07,8.24,91.76,2006-06-27,2006,108.45
6/20/2006,0.0,0.0,0.0,0.07,7.54,92.46,2006-06-20,2006,107.74999999999999
6/13/2006,0.0,0.0,0.0,0.07,7.54,92.46,2006-06-13,2006,107.74999999999999
6/6/2006,0.0,0.0,0.0,0.07,7.54,92.46,2006-06-06,2006,107.74999999999999
5/30/2006,0.0,0.0,0.0,0.07,7.54,92.46,2006-05-30,2006,107.74999999999999
5/23/2006,0.0,0.0,0.0,0.07,7.64,92.36,2006-05-23,2006,107.85
5/16/2006,0.0,0.0,0.0,0.07,7.64,92.36,2006-05-16,2006,107.85
5/9/2006,0.0,0.0,0.0,0.0,7.64,92.36,2006-05-09,2006,107.64
5/2/2006,0.0,0.0,0.0,0.01,7.64,92.36,2006-05-02,2006,107.67
4/25/2006,0.0,0.0,0.0,0.16,7.08,92.92,2006-04-25,2006,107.56
4/18/2006,0.0,0.0,0.0,0.16,7.08,92.92,2006-04-18,2006,107.56
4/11/2006,0.0,0.0,0.0,0.16,7.08,92.92,2006-04-11,2006,107.56
4/4/2006,0.0,0.0,0.0,0.16,7.53,92.47,2006-04-04,2006,108.01
3/28/2006,0.0,0.0,0.0,0.55,8.38,91.62,2006-03-28,2006,110.03000000000002
3/21/2006,0.0,0.0,0.0,0.55,16.41,83.59,2006-03-21,2006,118.06
3/14/2006,0.0,0.0,0.0,0.52,16.41,83.59,2006-03-14,2006,117.97
3/7/2006,0.0,0.0,0.0,0.52,21.82,78.18,2006-03-07,2006,123.38000000000001
2/28/2006,0.0,0.0,0.0,0.48,24.14,75.86,2006-02-28,2006,125.58
2/21/2006,0.0,0.0,0.0,0.0,15.79,84.21,2006-02-21,2006,115.78999999999999
2/14/2006,0.0,0.0,0.0,0.0,13.41,86.59,2006-02-14,2006,113.41
2/7/2006,0.0,0.0,0.0,0.0,13.32,86.68,2006-02-07,2006,113.32000000000001
1/31/2006,0.0,0.0,0.0,0.0,2.92,97.08,2006-01-31,2006,102.92
1/24/2006,0.0,0.0,0.0,0.0,2.92,97.08,2006-01-24,2006,102.92
1/17/2006,0.0,0.0,0.0,0.0,2.92,97.08,2006-01-17,2006,102.92
1/10/2006,0.0,0.0,0.0,0.0,3.4,96.6,2006-01-10,2006,103.39999999999999
1/3/2006,0.0,0.0,0.0,0.0,1.68,98.32,2006-01-03,2006,101.67999999999999
12/27/2005,0.0,0.0,0.0,0.0,6.09,93.91,2005-12-27,2005,106.09
12/20/2005,0.0,0.0,0.0,0.0,6.31,93.69,2005-12-20,2005,106.31
12/13/2005,0.0,0.0,0.0,0.0,9.97,90.03,2005-12-13,2005,109.97
12/6/2005,0.0,0.0,0.0,0.0,9.97,90.03,2005-12-06,2005,109.97
11/29/2005,0.0,0.0,0.0,0.0,24.77,75.23,2005-11-29,2005,124.77000000000001
11/22/2005,0.0,0.0,0.0,0.0,0.34,99.66,2005-11-22,2005,100.34
11/15/2005,0.0,0.0,0.0,0.0,0.34,99.66,2005-11-15,2005,100.34
11/8/2005,0.0,0.0,0.0,0.0,0.34,99.66,2005-11-08,2005,100.34
11/1/2005,0.0,0.0,0.0,0.0,0.42,99.58,2005-11-01,2005,100.42
10/25/2005,0.0,0.0,0.0,0.0,0.42,99.58,2005-10-25,2005,100.42
10/18/2005,0.0,0.0,0.0,0.0,0.42,99.58,2005-10-18,2005,100.42
10/11/2005,0.0,0.0,0.0,0.0,0.42,99.58,2005-10-11,2005,100.42
10/4/2005,0.0,0.0,0.0,0.0,0.42,99.58,2005-10-04,2005,100.42
9/27/2005,0.0,0.0,0.0,0.0,0.42,99.58,2005-09-27,2005,100.42
9/20/2005,0.0,0.0,0.0,0.05,0.59,99.41,2005-09-20,2005,100.74000000000001
9/13/2005,0.0,0.0,0.0,0.06,0.8,99.2,2005-09-13,2005,100.98
9/6/2005,0.0,0.0,0.0,0.06,0.8,99.2,2005-09-06,2005,100.98
8/30/2005,0.0,0.0,0.0,0.06,1.16,98.84,2005-08-30,2005,101.34
8/23/2005,0.0,0.0,0.0,0.06,1.15,98.85,2005-08-23,2005,101.33
8/16/2005,0.0,0.0,0.0,0.06,0.96,99.04,2005-08-16,2005,101.14000000000001
8/9/2005,0.0,0.0,0.0,0.06,0.97,99.03,2005-08-09,2005,101.15
8/2/2005,0.0,0.0,0.0,0.06,1.04,98.96,2005-08-02,2005,101.22
7/26/2005,0.0,0.0,0.0,0.06,0.99,99.01,2005-07-26,2005,101.17000000000002
7/19/2005,0.0,0.0,0.0,0.06,0.99,99.01,2005-07-19,2005,101.17000000000002
7/12/2005,0.0,0.0,0.0,0.06,0.99,99.01,2005-07-12,2005,101.17000000000002
7/5/2005,0.0,0.0,0.0,0.06,0.99,99.01,2005-07-05,2005,101.17000000000002
6/28/2005,0.0,0.0,0.0,0.06,0.99,99.01,2005-06-28,2005,101.17000000000002
6/21/2005,0.0,0.0,0.0,0.06,1.29,98.71,2005-06-21,2005,101.47
6/14/2005,0.0,0.0,0.0,0.06,1.52,98.48,2005-06-14,2005,101.70000000000002
6/7/2005,0.0,0.0,0.0,0.06,1.52,98.48,2005-06-07,2005,101.70000000000002
5/31/2005,0.0,0.0,0.0,0.06,1.52,98.48,2005-05-31,2005,101.70000000000002
5/24/2005,0.0,0.0,0.0,0.06,1.52,98.48,2005-05-24,2005,101.70000000000002
5/17/2005,0.0,0.0,0.0,0.06,1.52,98.48,2005-05-17,2005,101.70000000000002
5/10/2005,0.0,0.0,0.0,1.09,3.0,97.0,2005-05-10,2005,106.27
5/3/2005,0.0,0.0,0.0,2.09,4.47,95.53,2005-05-03,2005,110.74
4/26/2005,0.0,0.0,0.0,2.09,3.84,96.16,2005-04-26,2005,110.11
4/19/2005,0.0,0.0,0.0,2.09,3.84,96.16,2005-04-19,2005,110.11
4/12/2005,0.0,0.0,0.04,2.64,4.54,95.46,2005-04-12,2005,112.61999999999999
4/5/2005,0.0,0.0,0.04,2.63,5.46,94.54,2005-04-05,2005,113.51
3/29/2005,0.0,0.0,0.21,2.87,4.65,95.35,2005-03-29,2005,114.1
3/22/2005,0.0,0.0,0.21,3.0,12.03,87.97,2005-03-22,2005,121.87
3/15/2005,0.0,0.0,0.21,3.0,12.03,87.97,2005-03-15,2005,121.87
3/8/2005,0.0,0.0,0.0,1.3,9.88,90.12,2005-03-08,2005,113.78000000000002
3/1/2005,0.0,0.0,0.0,1.22,9.6,90.4,2005-03-01,2005,113.26
2/22/2005,0.0,0.0,0.0,1.22,11.43,88.57,2005-02-22,2005,115.08999999999999
2/15/2005,0.0,0.0,0.0,1.22,11.43,88.57,2005-02-15,2005,115.08999999999999
2/8/2005,0.0,0.0,0.0,4.1,10.2,89.8,2005-02-08,2005,122.49999999999999
2/1/2005,0.0,0.0,0.0,4.1,11.07,88.93,2005-02-01,2005,123.37
1/25/2005,0.0,0.0,0.21,4.1,11.76,88.24,2005-01-25,2005,124.89999999999999
1/18/2005,0.0,0.0,0.21,4.1,11.63,88.37,2005-01-18,2005,124.77000000000001
1/11/2005,0.0,0.0,0.21,4.1,16.6,83.4,2005-01-11,2005,129.74
1/4/2005,0.0,0.0,1.77,7.85,30.95,69.05,2005-01-04,2005,161.58
12/28/2004,0.0,0.0,3.98,28.85,59.54,40.46,2004-12-28,2004,262.01
12/21/2004,0.0,0.0,3.98,29.37,67.77,32.23,2004-12-21,2004,271.8
12/14/2004,0.0,0.0,3.98,29.37,67.77,32.23,2004-12-14,2004,271.8
12/7/2004,0.0,0.0,4.84,29.37,73.38,26.62,2004-12-07,2004,280.85
11/30/2004,0.0,0.0,8.64,30.21,73.54,26.46,2004-11-30,2004,298.73
11/23/2004,0.0,0.0,8.3,31.28,75.77,24.23,2004-11-23,2004,302.81
11/16/2004,0.0,0.0,8.3,31.28,75.77,24.23,2004-11-16,2004,302.81
11/9/2004,0.0,0.0,8.3,31.28,79.16,20.84,2004-11-09,2004,306.2
11/2/2004,0.0,0.0,10.42,31.28,81.59,18.41,2004-11-02,2004,317.11
10/26/2004,0.0,0.0,10.42,40.55,81.77,18.23,2004-10-26,2004,345.09999999999997
10/19/2004,0.0,0.0,18.25,55.82,87.79,12.21,2004-10-19,2004,428.25
10/12/2004,0.0,0.0,21.1,61.08,94.59,5.41,2004-10-12,2004,462.23
10/5/2004,0.0,0.0,21.1,61.08,94.59,5.41,2004-10-05,2004,462.23
9/28/2004,0.0,0.0,21.1,61.08,94.59,5.41,2004-09-28,2004,462.23
9/21/2004,0.0,0.0,21.1,61.08,94.74,5.26,2004-09-21,2004,462.38
9/14/2004,0.0,0.0,21.1,61.08,94.65,5.35,2004-09-14,2004,462.28999999999996
9/7/2004,0.0,0.0,22.45,61.29,94.8,5.2,2004-09-07,2004,468.46999999999997
8/31/2004,0.0,0.0,22.45,61.29,94.9,5.1,2004-08-31,2004,468.57
8/24/2004,0.0,0.0,21.79,60.59,89.37,10.63,2004-08-24,2004,458.29999999999995
8/17/2004,0.0,0.0,21.79,60.59,89.38,10.62,2004-08-17,2004,458.30999999999995
8/10/2004,0.0,0.0,25.3,60.59,89.38,10.62,2004-08-10,2004,472.34999999999997
8/3/2004,0.0,0.0,14.97,52.05,84.36,15.64,2004-08-03,2004,400.39
7/27/2004,0.0,0.0,14.97,52.05,85.19,14.81,2004-07-27,2004,401.21999999999997
7/20/2004,0.0,0.0,9.89,52.02,85.19,14.81,2004-07-20,2004,380.81
7/13/2004,0.0,0.0,8.32,52.05,85.19,14.81,2004-07-13,2004,374.62
7/6/2004,0.0,0.0,8.32,52.05,85.19,14.81,2004-07-06,2004,374.62
6/29/2004,0.0,0.0,7.57,50.9,85.36,14.64,2004-06-29,2004,368.34000000000003
6/22/2004,0.0,0.0,7.57,50.66,82.05,17.95,2004-06-22,2004,364.30999999999995
6/15/2004,0.0,0.0,7.67,50.41,82.33,17.67,2004-06-15,2004,364.23999999999995
6/8/2004,0.0,0.0,7.67,50.41,82.33,17.67,2004-06-08,2004,364.23999999999995
6/1/2004,0.0,0.0,6.66,50.36,81.61,18.39,2004-06-01,2004,359.33
5/25/2004,0.0,0.0,6.96,48.33,83.1,16.9,2004-05-25,2004,355.93
5/18/2004,0.0,0.0,6.96,46.06,82.93,17.07,2004-05-18,2004,348.95
5/11/2004,0.0,0.0,6.96,46.06,82.93,17.07,2004-05-11,2004,348.95
5/4/2004,0.0,0.0,6.96,46.06,83.19,16.81,2004-05-04,2004,349.21
4/27/2004,0.0,0.0,6.96,22.67,70.79,29.21,2004-04-27,2004,266.64
4/20/2004,0.0,0.0,5.78,19.01,68.36,31.64,2004-04-20,2004,248.51000000000002
4/13/2004,0.0,0.0,5.78,19.01,68.36,31.64,2004-04-13,2004,248.51000000000002
4/6/2004,0.0,0.0,5.43,16.45,37.92,62.08,2004-04-06,2004,208.99
3/30/2004,0.0,0.0,7.94,17.16,38.15,61.85,2004-03-30,2004,221.39
3/23/2004,0.0,0.0,7.94,17.16,26.0,74.0,2004-03-23,2004,209.24
3/16/2004,0.0,0.0,7.94,17.16,26.0,74.0,2004-03-16,2004,209.24
3/9/2004,0.0,0.0,7.94,17.16,26.0,74.0,2004-03-09,2004,209.24
3/2/2004,0.0,0.0,7.94,17.16,26.0,74.0,2004-03-02,2004,209.24
2/24/2004,0.0,0.0,7.78,17.2,29.38,70.62,2004-02-24,2004,212.1
2/17/2004,0.0,0.0,7.78,17.2,32.53,67.47,2004-02-17,2004,215.25
2/10/2004,0.0,0.0,7.78,17.2,32.53,67.47,2004-02-10,2004,215.25
2/3/2004,0.0,0.0,7.79,17.3,32.82,67.18,2004-02-03,2004,215.88
1/27/2004,0.0,0.0,7.67,17.3,32.82,67.18,2004-01-27,2004,215.4
1/20/2004,0.0,0.0,7.67,18.38,33.99,66.01,2004-01-20,2004,219.81
1/13/2004,0.0,0.0,9.51,23.23,34.73,65.27,2004-01-13,2004,242.45999999999998
1/6/2004,0.0,0.0,8.05,20.28,30.45,69.55,2004-01-06,2004,223.49
12/30/2003,0.0,0.0,9.47,20.28,32.66,67.34,2003-12-30,2003,231.38
12/23/2003,0.0,0.01,9.8,32.06,52.16,47.84,2003-12-23,2003,287.59000000000003
12/16/2003,0.0,0.02,9.75,30.57,51.09,48.91,2003-12-16,2003,281.90000000000003
12/9/2003,0.0,0.01,8.86,29.64,52.54,47.46,2003-12-09,2003,276.95
12/2/2003,0.0,0.0,9.84,30.7,56.27,43.73,2003-12-02,2003,287.73
11/25/2003,0.0,0.0,10.91,30.69,53.81,46.19,2003-11-25,2003,289.52
11/18/2003,0.0,0.03,11.56,32.1,55.44,44.56,2003-11-18,2003,298.13
11/11/2003,0.0,0.0,10.2,31.34,54.13,45.87,2003-11-11,2003,288.95
11/4/2003,0.0,0.0,11.07,33.06,70.86,29.14,2003-11-04,2003,314.32000000000005
10/28/2003,0.0,0.02,11.32,42.17,93.4,6.6,2003-10-28,2003,365.2900000000001
10/21/2003,0.0,0.0,11.27,26.49,73.23,26.77,2003-10-21,2003,297.78000000000003
10/14/2003,0.0,0.0,9.48,23.96,71.75,28.25,2003-10-14,2003,281.55
10/7/2003,0.0,0.0,10.65,25.28,33.09,66.91,2003-10-07,2003,251.53
9/30/2003,0.0,0.0,8.94,23.86,32.02,67.98,2003-09-30,2003,239.36
9/23/2003,0.0,0.0,10.71,25.47,33.08,66.92,2003-09-23,2003,252.32999999999998
9/16/2003,0.0,0.0,10.18,24.9,32.75,67.25,2003-09-16,2003,248.17
9/9/2003,0.0,0.01,9.39,27.52,34.17,65.83,2003-09-09,2003,254.34000000000003
9/2/2003,0.0,0.0,15.26,30.54,34.68,65.32,2003-09-02,2003,287.34000000000003
8/26/2003,0.0,0.01,13.44,24.01,33.2,66.8,2003-08-26,2003,259.04
8/19/2003,0.0,0.0,12.7,24.08,33.19,66.81,2003-08-19,2003,256.23
8/12/2003,0.0,0.01,8.37,24.75,36.07,63.93,2003-08-12,2003,243.85
8/5/2003,0.0,0.05,9.1,25.72,36.63,63.37,2003-08-05,2003,250.44
7/29/2003,0.0,0.03,8.43,24.76,36.1,63.9,2003-07-29,2003,244.25
7/22/2003,0.0,0.01,8.9,26.04,37.04,62.96,2003-07-22,2003,250.81
7/15/2003,0.0,0.0,9.19,25.28,37.86,62.14,2003-07-15,2003,250.46
7/8/2003,0.0,0.0,9.38,25.72,37.59,62.41,2003-07-08,2003,252.27
7/1/2003,0.0,0.03,8.45,25.06,36.86,63.14,2003-07-01,2003,245.99000000000004
6/24/2003,0.0,0.04,8.28,25.23,35.3,64.7,2003-06-24,2003,244.31
6/17/2003,0.0,0.1,8.23,25.85,36.17,63.83,2003-06-17,2003,247.14000000000004
6/10/2003,0.0,0.0,8.66,25.72,36.3,63.7,2003-06-10,2003,248.10000000000002
6/3/2003,0.0,0.0,8.99,26.16,36.68,63.32,2003-06-03,2003,251.12000000000003
5/27/2003,0.0,0.0,8.38,25.13,34.95,65.05,2003-05-27,2003,243.85999999999999
5/20/2003,0.0,0.0,8.47,25.01,35.85,64.15,2003-05-20,2003,244.76000000000002
5/13/2003,0.0,0.0,8.03,25.47,36.19,63.81,2003-05-13,2003,244.72
5/6/2003,0.0,0.0,8.33,30.12,41.29,58.71,2003-05-06,2003,264.96999999999997
4/29/2003,0.0,0.0,7.67,29.46,40.63,59.37,2003-04-29,2003,259.69
4/22/2003,0.0,0.04,8.75,30.85,40.28,59.72,2003-04-22,2003,268.03000000000003
4/15/2003,0.0,0.05,10.17,29.0,41.44,58.56,2003-04-15,2003,269.37
4/8/2003,0.0,0.17,11.39,32.74,59.87,40.13,2003-04-08,2003,304.50000000000006
4/1/2003,0.0,0.21,11.57,32.57,60.36,39.64,2003-04-01,2003,305.40000000000003
3/25/2003,0.0,0.1,11.33,32.1,48.17,51.83,2003-03-25,2003,290.29
3/18/2003,0.0,0.04,11.55,32.9,48.5,51.5,2003-03-18,2003,293.59999999999997
3/11/2003,0.0,1.2,21.85,33.71,54.86,45.14,2003-03-11,2003,349.39
3/4/2003,0.0,1.35,21.81,30.65,39.83,60.17,2003-03-04,2003,325.77
2/25/2003,0.0,7.62,20.61,34.46,41.9,58.1,2003-02-25,2003,365.82000000000005
2/18/2003,0.0,7.93,20.69,34.47,42.18,57.82,2003-02-18,2003,368.0
2/11/2003,0.0,14.91,28.32,38.83,54.61,45.39,2003-02-11,2003,458.93
2/4/2003,0.0,15.7,25.8,31.78,52.64,47.36,2003-02-04,2003,429.68
1/28/2003,0.0,15.67,25.24,29.56,48.26,51.74,2003-01-28,2003,416.25
1/21/2003,0.0,17.18,24.2,29.7,38.93,61.07,2003-01-21,2003,410.73
1/14/2003,0.0,17.08,25.39,30.81,39.29,60.71,2003-01-14,2003,418.67999999999995
1/7/2003,0.0,16.93,25.42,32.14,41.84,58.16,2003-01-07,2003,424.59000000000003
12/31/2002,0.0,17.19,26.06,32.23,41.61,58.39,2002-12-31,2002,428.49
12/24/2002,0.0,17.58,26.29,33.12,43.44,56.56,2002-12-24,2002,435.85999999999996
12/17/2002,0.0,17.18,29.12,35.75,57.9,42.1,2002-12-17,2002,467.53
12/10/2002,0.0,17.39,30.89,51.74,100.0,0.0,2002-12-10,2002,565.73
12/3/2002,0.0,17.35,28.16,35.26,94.34,5.66,2002-12-03,2002,499.51
11/26/2002,0.0,20.81,28.59,36.15,95.04,4.96,2002-11-26,2002,521.9
11/19/2002,0.0,20.68,28.21,35.87,94.45,5.55,2002-11-19,2002,518.3
11/12/2002,0.0,20.41,28.1,35.19,94.71,5.29,2002-11-12,2002,514.7299999999999
11/5/2002,0.0,24.48,47.2,75.48,100.0,0.0,2002-11-05,2002,737.64
10/29/2002,0.0,24.28,39.41,72.23,100.0,0.0,2002-10-29,2002,695.7299999999999
10/22/2002,0.0,23.89,39.65,72.01,100.0,0.0,2002-10-22,2002,694.08
10/15/2002,0.0,23.64,39.6,70.48,100.0,0.0,2002-10-15,2002,688.0400000000001
10/8/2002,0.0,23.64,39.66,70.73,100.0,0.0,2002-10-08,2002,689.03
10/1/2002,0.0,23.61,38.19,51.75,93.88,6.12,2002-10-01,2002,619.9399999999999
9/24/2002,0.0,23.98,39.64,56.14,94.5,5.5,2002-09-24,2002,641.38
9/17/2002,0.0,23.92,39.39,55.61,94.23,5.77,2002-09-17,2002,638.22
9/10/2002,0.0,23.63,40.45,55.24,94.9,5.1,2002-09-10,2002,640.57
9/3/2002,0.0,22.95,39.93,56.36,94.72,5.28,2002-09-03,2002,638.27
8/27/2002,0.0,24.21,39.99,56.24,95.11,4.89,2002-08-27,2002,644.8399999999999
8/20/2002,0.0,23.95,40.31,56.57,95.01,4.99,2002-08-20,2002,645.71
8/13/2002,0.0,26.32,40.03,56.66,95.01,4.99,2002-08-13,2002,656.71
8/6/2002,0.0,26.05,40.05,56.22,94.77,5.23,2002-08-06,2002,653.8799999999999
7/30/2002,0.0,24.45,39.71,55.35,95.01,4.99,2002-07-30,2002,642.1500000000001
7/23/2002,0.0,23.07,37.9,55.3,94.31,5.69,2002-07-23,2002,627.16
7/16/2002,0.0,23.2,36.28,51.55,93.33,6.67,2002-07-16,2002,609.0999999999999
7/9/2002,0.0,15.15,36.09,53.57,93.45,6.55,2002-07-09,2002,574.27
7/2/2002,0.0,13.67,35.76,53.31,92.55,7.45,2002-07-02,2002,563.87
6/25/2002,0.0,13.46,35.49,52.99,92.44,7.56,2002-06-25,2002,560.6700000000001
6/18/2002,0.0,9.07,33.2,48.22,81.99,18.01,2002-06-18,2002,504.8
6/11/2002,0.0,4.09,27.08,42.35,82.14,17.86,2002-06-11,2002,437.96
6/4/2002,0.0,3.93,26.85,42.05,82.01,17.99,2002-06-04,2002,435.21000000000004
5/28/2002,0.0,3.87,27.18,41.79,80.11,19.89,2002-05-28,2002,433.55000000000007
5/21/2002,0.0,0.45,26.07,36.83,46.51,53.49,2002-05-21,2002,363.53
5/14/2002,0.0,0.55,26.59,37.31,46.73,53.27,2002-05-14,2002,367.77
5/7/2002,0.0,0.45,26.21,37.13,46.46,53.54,2002-05-07,2002,364.94000000000005
4/30/2002,0.0,0.45,26.4,37.89,46.74,53.26,2002-04-30,2002,368.26
4/23/2002,0.0,0.0,29.12,37.98,47.15,52.85,2002-04-23,2002,377.57000000000005
4/16/2002,0.0,0.0,29.37,38.23,47.39,52.61,2002-04-16,2002,379.56
4/9/2002,0.0,0.0,19.1,35.6,45.89,54.11,2002-04-09,2002,329.09000000000003
4/2/2002,0.0,0.0,6.56,26.77,44.82,55.18,2002-04-02,2002,251.37
3/26/2002,0.0,0.0,1.56,22.32,45.17,54.83,2002-03-26,2002,218.37000000000003
3/19/2002,0.0,0.0,0.0,22.3,44.4,55.6,2002-03-19,2002,211.3
3/12/2002,0.0,0.0,0.0,21.95,46.65,53.35,2002-03-12,2002,212.5
3/5/2002,0.0,0.0,0.0,0.29,47.09,52.91,2002-03-05,2002,147.96
2/26/2002,0.0,0.0,0.0,0.17,45.49,54.51,2002-02-26,2002,146.0
2/19/2002,0.0,0.0,0.0,0.07,45.24,54.76,2002-02-19,2002,145.45000000000002
2/12/2002,0.0,0.0,0.0,0.28,46.04,53.96,2002-02-12,2002,146.88
2/5/2002,0.0,0.0,0.0,0.16,24.43,75.57,2002-02-05,2002,124.91
1/29/2002,0.0,0.0,0.0,0.15,12.21,87.79,2002-01-29,2002,112.66000000000001
1/22/2002,0.0,0.0,0.0,0.11,12.76,87.24,2002-01-22,2002,113.08999999999999
1/15/2002,0.0,0.0,0.0,0.27,7.42,92.58,2002-01-15,2002,108.23
1/8/2002,0.0,0.0,0.0,0.11,7.16,92.84,2002-01-08,2002,107.49
1/1/2002,0.0,0.0,4.92,11.08,22.58,77.42,2002-01-01,2002,175.5
12/25/2001,0.0,0.0,9.92,18.81,33.47,66.53,2001-12-25,2001,229.57999999999998
12/18/2001,0.0,3.2,17.9,30.49,48.55,51.45,2001-12-18,2001,327.62
12/11/2001,0.0,6.77,20.09,30.49,51.64,48.36,2001-12-11,2001,357.31999999999994
12/4/2001,0.0,7.56,21.4,34.41,54.25,45.75,2001-12-04,2001,380.88000000000005
11/27/2001,0.0,17.59,30.64,45.1,59.07,40.93,2001-11-27,2001,504.88
11/20/2001,0.0,18.22,30.64,47.53,70.38,29.62,2001-11-20,2001,526.63
11/13/2001,0.0,18.22,32.69,47.53,70.38,29.62,2001-11-13,2001,534.83
11/6/2001,0.0,18.22,32.69,47.53,70.38,29.62,2001-11-06,2001,534.83
10/30/2001,0.0,18.22,32.69,47.53,70.38,29.62,2001-10-30,2001,534.83
10/23/2001,0.0,18.95,33.58,47.53,70.38,29.62,2001-10-23,2001,542.04
10/16/2001,0.0,18.95,33.58,47.53,70.38,29.62,2001-10-16,2001,542.04
10/9/2001,0.0,18.95,33.58,47.53,66.01,33.99,2001-10-09,2001,537.6700000000001
10/2/2001,0.0,18.95,33.57,47.53,66.01,33.99,2001-10-02,2001,537.63
9/25/2001,0.0,18.95,33.58,47.53,66.01,33.99,2001-09-25,2001,537.6700000000001
9/18/2001,0.0,18.95,33.58,47.53,66.01,33.99,2001-09-18,2001,537.6700000000001
9/11/2001,0.0,18.95,33.58,47.53,66.01,33.99,2001-09-11,2001,537.6700000000001
9/4/2001,0.0,18.6,28.25,35.87,49.72,50.28,2001-09-04,2001,463.33
8/28/2001,0.0,18.6,28.25,35.87,49.72,50.28,2001-08-28,2001,463.33
8/21/2001,0.0,16.26,25.19,32.15,47.0,53.0,2001-08-21,2001,425.51
8/14/2001,0.0,10.31,19.79,27.19,45.18,54.82,2001-08-14,2001,357.46
8/7/2001,0.0,9.69,19.79,27.19,45.18,54.82,2001-08-07,2001,354.35999999999996
7/31/2001,0.0,9.69,19.79,27.19,45.18,54.82,2001-07-31,2001,354.35999999999996
7/24/2001,0.0,9.69,19.79,27.19,45.18,54.82,2001-07-24,2001,354.35999999999996
7/17/2001,0.0,9.69,19.79,27.19,44.06,55.94,2001-07-17,2001,353.23999999999995
7/10/2001,0.0,9.69,17.04,26.69,43.92,56.08,2001-07-10,2001,340.59999999999997
7/3/2001,0.0,4.72,18.48,27.59,57.98,42.02,2001-07-03,2001,338.27000000000004
6/26/2001,0.0,0.93,17.28,27.59,53.88,46.12,2001-06-26,2001,310.41999999999996
6/19/2001,0.0,0.2,15.87,25.96,53.52,46.48,2001-06-19,2001,295.88
6/12/2001,0.0,0.05,8.93,24.34,50.15,49.85,2001-06-12,2001,259.14
6/5/2001,0.0,0.05,8.24,22.39,50.15,49.85,2001-06-05,2001,250.53
5/29/2001,0.0,0.04,6.1,17.23,40.35,59.65,2001-05-29,2001,216.64
5/22/2001,0.0,0.05,3.44,17.23,40.35,59.65,2001-05-22,2001,206.04999999999998
5/15/2001,0.0,0.05,3.44,17.23,40.35,59.65,2001-05-15,2001,206.04999999999998
5/8/2001,0.0,0.07,3.44,14.71,33.5,66.5,2001-05-08,2001,191.73999999999998
5/1/2001,0.0,0.58,3.44,14.71,33.5,66.5,2001-05-01,2001,194.29
4/24/2001,0.0,0.58,3.44,14.71,33.5,66.5,2001-04-24,2001,194.29
4/17/2001,0.0,0.58,3.44,14.71,33.5,66.5,2001-04-17,2001,194.29
4/10/2001,0.0,0.58,3.44,13.11,25.99,74.01,2001-04-10,2001,181.98
4/3/2001,0.0,0.58,3.44,12.93,30.21,69.79,2001-04-03,2001,185.66
3/27/2001,0.0,0.0,0.08,4.65,26.6,73.4,2001-03-27,2001,140.87
3/20/2001,0.0,0.0,0.08,4.65,26.6,73.4,2001-03-20,2001,140.87
3/13/2001,0.0,0.0,0.0,2.97,26.89,73.11,2001-03-13,2001,135.8
3/6/2001,0.0,0.0,0.0,2.97,26.89,73.11,2001-03-06,2001,135.8
2/27/2001,0.0,0.0,0.0,2.95,26.89,73.11,2001-02-27,2001,135.74
2/20/2001,0.0,0.0,0.0,2.28,31.9,68.1,2001-02-20,2001,138.73999999999998
2/13/2001,0.0,0.0,0.0,2.68,37.05,62.95,2001-02-13,2001,145.09
2/6/2001,0.0,0.0,0.0,0.0,36.35,63.65,2001-02-06,2001,136.35
1/30/2001,0.0,0.0,0.0,0.0,19.95,80.05,2001-01-30,2001,119.94999999999999
1/23/2001,0.0,0.0,0.0,0.0,25.77,74.23,2001-01-23,2001,125.77000000000001
1/16/2001,0.0,0.0,0.0,0.0,14.74,85.26,2001-01-16,2001,114.74000000000001
1/9/2001,0.0,0.0,0.0,0.0,43.67,56.33,2001-01-09,2001,143.67000000000002
1/2/2001,0.0,0.0,0.0,0.0,30.87,69.13,2001-01-02,2001,130.87
12/26/2000,0.0,0.0,0.0,0.0,0.0,100.0,2000-12-26,2000,100.0
12/19/2000,0.0,0.0,0.0,0.0,0.0,100.0,2000-12-19,2000,100.0
12/12/2000,0.0,0.0,0.0,0.0,0.0,100.0,2000-12-12,2000,100.0
12/5/2000,0.0,0.0,0.0,0.0,0.0,100.0,2000-12-05,2000,100.0
11/28/2000,0.0,0.0,0.0,0.0,0.0,100.0,2000-11-28,2000,100.0
11/21/2000,0.0,0.0,0.0,0.0,0.0,100.0,2000-11-21,2000,100.0
11/14/2000,0.0,0.0,0.0,0.0,0.0,100.0,2000-11-14,2000,100.0
11/7/2000,0.0,0.0,0.0,0.0,0.0,100.0,2000-11-07,2000,100.0
10/31/2000,0.0,0.0,0.0,0.0,0.0,100.0,2000-10-31,2000,100.0
10/24/2000,0.0,0.0,0.0,0.0,11.85,88.15,2000-10-24,2000,111.85000000000001
10/17/2000,0.0,0.0,0.0,0.0,15.92,84.08,2000-10-17,2000,115.92
10/10/2000,0.0,0.0,0.0,0.0,12.7,87.3,2000-10-10,2000,112.69999999999999
10/3/2000,0.0,0.0,0.0,0.0,12.7,87.3,2000-10-03,2000,112.69999999999999
9/26/2000,0.0,0.0,0.0,0.0,12.7,87.3,2000-09-26,2000,112.69999999999999
9/19/2000,0.0,0.0,0.0,0.0,12.18,87.82,2000-09-19,2000,112.17999999999999
9/12/2000,0.0,0.0,0.0,0.0,12.18,87.82,2000-09-12,2000,112.17999999999999
9/5/2000,0.0,0.0,0.0,0.0,12.18,87.82,2000-09-05,2000,112.17999999999999
8/29/2000,0.0,0.0,0.0,0.0,22.79,77.21,2000-08-29,2000,122.78999999999999
8/22/2000,0.0,0.0,0.0,0.99,24.91,75.09,2000-08-22,2000,127.88
8/15/2000,0.0,0.0,0.0,1.72,24.91,75.09,2000-08-15,2000,130.07
8/8/2000,0.0,0.0,0.0,0.0,12.02,87.98,2000-08-08,2000,112.02000000000001
8/1/2000,0.0,0.0,0.0,0.0,7.61,92.39,2000-08-01,2000,107.61
7/25/2000,0.0,0.0,0.0,0.0,7.61,92.39,2000-07-25,2000,107.61
7/18/2000,0.0,0.0,0.0,0.0,0.0,100.0,2000-07-18,2000,100.0
7/11/2000,0.0,0.0,0.0,0.0,0.0,100.0,2000-07-11,2000,100.0
7/4/2000,0.0,0.0,0.0,0.0,0.0,100.0,2000-07-04,2000,100.0
6/27/2000,0.0,0.0,0.0,0.0,0.0,100.0,2000-06-27,2000,100.0
6/20/2000,0.0,0.0,0.0,0.0,0.0,100.0,2000-06-20,2000,100.0
6/13/2000,0.0,0.0,0.0,0.0,0.0,100.0,2000-06-13,2000,100.0
6/6/2000,0.0,0.0,0.0,0.0,0.0,100.0,2000-06-06,2000,100.0
5/30/2000,0.0,0.0,0.0,0.0,0.0,100.0,2000-05-30,2000,100.0
5/23/2000,0.0,0.0,0.0,0.0,0.0,100.0,2000-05-23,2000,100.0
5/16/2000,0.0,0.0,0.0,0.0,0.0,100.0,2000-05-16,2000,100.0
5/9/2000,0.0,0.0,0.0,0.0,0.0,100.0,2000-05-09,2000,100.0
5/2/2000,0.0,0.0,0.0,0.0,0.0,100.0,2000-05-02,2000,100.0
4/25/2000,0.0,0.0,0.0,0.0,0.0,100.0,2000-04-25,2000,100.0
4/18/2000,0.0,0.0,0.0,0.0,4.07,95.93,2000-04-18,2000,104.07000000000001
4/11/2000,0.0,0.0,0.0,0.0,2.98,97.02,2000-04-11,2000,102.97999999999999
4/4/2000,0.0,0.0,0.0,0.0,2.98,97.02,2000-04-04,2000,102.97999999999999
3/28/2000,0.0,0.0,0.0,0.0,2.72,97.28,2000-03-28,2000,102.72
3/21/2000,0.0,0.0,0.0,0.0,2.55,97.45,2000-03-21,2000,102.55
3/14/2000,0.0,0.0,0.0,0.0,2.55,97.45,2000-03-14,2000,102.55
3/7/2000,0.0,0.0,0.0,0.03,9.44,90.56,2000-03-07,2000,109.53
2/29/2000,0.0,0.0,0.0,0.05,16.29,83.71,2000-02-29,2000,116.44
2/22/2000,0.0,0.0,0.0,0.0,18.71,81.29,2000-02-22,2000,118.71000000000001
2/15/2000,0.0,0.0,0.0,0.0,43.61,56.39,2000-02-15,2000,143.61
2/8/2000,0.0,0.0,0.0,0.0,44.2,55.8,2000-02-08,2000,144.2
2/1/2000,0.0,0.0,0.0,0.0,50.88,49.12,2000-02-01,2000,150.88
1/25/2000,0.0,0.0,0.0,0.0,55.97,44.03,2000-01-25,2000,155.97
1/18/2000,0.0,0.0,0.0,0.0,72.03,27.97,2000-01-18,2000,172.03
1/11/2000,0.0,0.0,0.0,0.0,81.75,18.25,2000-01-11,2000,181.75
1/4/2000,0.0,0.0,0.0,0.0,48.17,51.83,2000-01-04,2000,148.17000000000002
